question_id,question,aicm_control_id,aicm_control_title,aicm_domain_title,aicm_control_type,aicm_control_specification
A&A-01.1,"Are audit and assurance policies, procedures, and standards 
established, documented, approved, communicated, applied, 
evaluated, and maintained?",A&A-01,Audit and Assurance Policy and Procedures,Audit & Assurance,Cloud & AI Related,"Establish, document, approve, communicate, apply, evaluate and maintain audit and assurance policies and procedures and standards. Review and update the policies and procedures at least annually, or upon significant changes."
A&A-01.2,"Are audit and assurance policies, procedures, and standards 
reviewed and updated at least annually or upon significant changes?",A&A-01,Audit and Assurance Policy and Procedures,Audit & Assurance,Cloud & AI Related,"Establish, document, approve, communicate, apply, evaluate and maintain audit and assurance policies and procedures and standards. Review and update the policies and procedures at least annually, or upon significant changes."
A&A-02.1,Are independent audit and assurance assessments conducted according to relevant standards at least annually?,A&A-02,Independent Assessments,Audit & Assurance,Cloud & AI Related,Conduct independent audit and assurance assessments according to relevant standards at least annually.
A&A-03.1,"Are independent audit and assurance assessments performed according to risk-based plans and policies, and in response to significant changes or emerging risks?",A&A-03,Risk Based Planning Assessment,Audit & Assurance,Cloud & AI Related,"Perform independent audit and assurance assessments according to risk-based plans and policies, and in response to significant changes or emerging risks."
A&A-04.1,"Is compliance verified with all relevant standards, regulations, legal/contractual, and statutory requirements applicable to the audit?",A&A-04,Requirements Compliance,Audit & Assurance,Cloud & AI Related,"Verify compliance with all relevant standards, regulations, legal/contractual, and statutory requirements applicable to the audit."
A&A-05.1,"Are Audit Management processes aligned with relevant auditing standards, defined and implemented to support audit planning, risk analysis, security control assessment, conclusion, remediation schedules, report generation, review of past reports and supporting evidence?",A&A-05,Audit Management Process,Audit & Assurance,Cloud & AI Related,"Define and implement an Audit Management process aligned with relevant auditing standards, to support audit planning, risk analysis, security control assessment, conclusion, remediation schedules, report generation, and review of past reports and supporting evidence."
A&A-06.1,"Is a risk-based corrective action plan established, documented, approved, communicated, applied, evaluated, and maintained to remediate audit findings, regularly review, and report remediation status to relevant stakeholders?",A&A-06,Remediation,Audit & Assurance,Cloud & AI Related,"Establish, document, approve, communicate, apply, evaluate and maintain a risk-based corrective action plan to remediate audit findings, regularly review and report remediation status to relevant stakeholders."
AIS-01.1,"Are policies and procedures for application security established, documented, approved, communicated, applied, evaluated, and maintained?",AIS-01,Application and Interface Security Policy and Procedures,Application & Interface Security,Cloud & AI Related,"Establish, document, approve, communicate, apply, evaluate and maintain policies and procedures for application security. Review and update the policies and procedures at least annually, or upon significant changes."
AIS-01.2,"Are the policies and procedures for application security reviewed and updated at least annually, or upon significant system changes?",AIS-01,Application and Interface Security Policy and Procedures,Application & Interface Security,Cloud & AI Related,"Establish, document, approve, communicate, apply, evaluate and maintain policies and procedures for application security. Review and update the policies and procedures at least annually, or upon significant changes."
AIS-02.1,"Are baseline requirements for securing applications established, documented, and maintained?",AIS-02,Application Security Baseline Requirements,Application & Interface Security,Cloud & AI Related,"Establish, document and maintain baseline requirements for securing applications."
AIS-03.1,"Are technical and operational metrics defined and implemented in alignment with business objectives, security requirements, and compliance obligations?",AIS-03,Application Security Metrics,Application & Interface Security,Cloud & AI Related,"Define and implement technical and operational metrics in alignment with business objectives, security requirements, and compliance obligations."
AIS-04.1,"Is a secure SDLC process for application requirements analysis, planning, design, development, testing, deployment, and operation, defined and implemented in accordance with security requirements?",AIS-04,Secure Application Development Lifecycle,Application & Interface Security,Cloud & AI Related,"Define and implement a secure SDLC process for application requirements analysis, planning, design, development, testing, deployment, and operation in accordance with security requirements."
AIS-05.1,"Is a testing strategy implemented, including criteria for acceptance of new information systems, upgrades, and new versions, to provide application security assurance, maintain compliance, and meet organizational delivery goals?",AIS-05,Application Security Testing,Application & Interface Security,Cloud & AI Related,"Implement a testing strategy, including criteria for acceptance of new  information systems, upgrades and new versions, which provides  application security assurance and maintains compliance while meeting  organizational delivery goals.  Automate when applicable and possible."
AIS-05.2,Is automation applied where applicable and possible?,AIS-05,Application Security Testing,Application & Interface Security,Cloud & AI Related,"Implement a testing strategy, including criteria for acceptance of new  information systems, upgrades and new versions, which provides  application security assurance and maintains compliance while meeting  organizational delivery goals.  Automate when applicable and possible."
AIS-06.1,"Are strategies and capabilities established and implemented for secure, standardized, and compliant application deployment?",AIS-06,Secure Application Deployment,Application & Interface Security,Cloud & AI Related,"Establish and implement strategies and capabilities for secure, standardized, and compliant application deployment. Automate where possible."
AIS-07.1,"Are processes defined and implemented to remediate application security vulnerabilities, automating remediation when possible?",AIS-07,Application Vulnerability Remediation,Application & Interface Security,Cloud & AI Related,"Define and implement a process to remediate application security vulnerabilities, automating remediation when possible."
AIS-08.1,"Are processes, procedures and technical measures to secure APIs, including authorization flaws, API key management, regular security testing, defined, implemented and evaluated?",AIS-08,API Security,Application & Interface Security,Cloud & AI Related,"Define and implement processes, procedures, and technical measures to secure APIs. Review and update for any improvements at least annually, or upon significant changes."
AIS-08.2,Are technical measures for any improvements reviewed and updated at least annually or after significant system changes?,AIS-08,API Security,Application & Interface Security,Cloud & AI Related,"Define and implement processes, procedures, and technical measures to secure APIs. Review and update for any improvements at least annually, or upon significant changes."
AIS-09.1,"Is the input against adversarial patterns, failure patterns and unwanted behaviour, validated, filtered, modified, or blocked as necessary, according to organizational policies, applicable laws and regulations?",AIS-09,Input Validation,Application & Interface Security,Cloud & AI Related,"Validate, filter, modify or block, as necessary, input against adversarial patterns, failure patterns and unwanted behaviour according to organizational policies and applicable laws and regulations."
AIS-10.1,"Is the output against adversarial patterns, failure patterns and unwanted behaviour, validated, filtered, modified, or blocked as necessary, according to organizational policies, applicable laws and regulations?",AIS-10,Output Validation,Application & Interface Security,Cloud & AI Related,"Validate, filter, modify or block, as necessary, output against adversarial patterns, failure patterns and unwanted behaviour according to organisational policies and applicable laws and regulations."
AIS-11.1,Are the security boundaries for agents established?,AIS-11,Agents Security Boundaries,Application & Interface Security,AI-Specific,Establish security boundaries for agents.
AIS-12.1,"Are source code management practices, such as version control, code review and static code analysis, implemented and aligning with the SDLC process?",AIS-12,Source Code Management,Application & Interface Security,Cloud & AI Related,"Implement source code management practices, such as version control, code review & static code analysis, aligning with the SDLC process."
AIS-13.1,Are sandboxing techniques implemented to execute AI tools and plugins in isolated environments to prevent unintended interactions with critical systems or data and to limit the possibility of lateral movement?,AIS-13,AI Sandboxing,Application & Interface Security,AI-Specific,"Implement sandboxing techniques to execute AI tools and 
plugins in isolated environments to prevent unintended 
interactions with critical systems or data and limit the 
possibility of lateral movement."
AIS-14.1,Are security measures implemented to protect cache systems in GenAI systems and services?,AIS-14,AI Cache Protection,Application & Interface Security,AI-Specific,"Implement security measures to protect caches in GenAI systems and 
services."
AIS-15.1,"Are mechanisms implemented to enable the model to clearly distinguish user-provided input instructions from data and system instructions (e.g., system prompts)?",AIS-15,Prompt Differentiation,Application & Interface Security,AI-Specific,"Implement mechanisms enabling the model to clearly distinguish user-provided input instructions from data and system instructions (e.g., system prompts)."
BCR-01.1,"Are business continuity management and operational resilience policies and procedures established, documented, approved, communicated, applied, evaluated, and maintained?",BCR-01,Business Continuity Management Policy and Procedures,Business Continuity Management and Operational Resilience,Cloud & AI Related,"Establish, document, approve, communicate, apply, evaluate 
and maintain business continuity management and operational 
resilience policies and procedures.
Review and update the policies and procedures at least 
annually, or upon significant changes."
BCR-01.2,"Are policies and procedures reviewed and updated at least annually, or upon significant changes?",BCR-01,Business Continuity Management Policy and Procedures,Business Continuity Management and Operational Resilience,Cloud & AI Related,"Establish, document, approve, communicate, apply, evaluate 
and maintain business continuity management and operational 
resilience policies and procedures.
Review and update the policies and procedures at least 
annually, or upon significant changes."
BCR-02.1,Is the impact of business disruptions and risks determined to establish criteria for developing business continuity and operational resilience strategies and capabilities?,BCR-02,Risk Assessment and Impact Analysis,Business Continuity Management and Operational Resilience,Cloud & AI Related,"Determine the impact of business disruptions and risks to establish criteria for developing business continuity and operational resilience  strategies and capabilities. Review and update the risk assessment and impact analysis at least annually, or upon significant changes."
BCR-02.2,"Is the risk assessment and impact analysis, reviewed and updated at least annually or upon significant changes?",BCR-02,Risk Assessment and Impact Analysis,Business Continuity Management and Operational Resilience,Cloud & AI Related,"Determine the impact of business disruptions and risks to establish criteria for developing business continuity and operational resilience  strategies and capabilities. Review and update the risk assessment and impact analysis at least annually, or upon significant changes."
BCR-03.1,"Are strategies established to reduce the impact of business disruptions, and improve resiliency and recovery from business disruptions?",BCR-03,Business Continuity Strategy,Business Continuity Management and Operational Resilience,Cloud & AI Related,"Establish strategies to reduce the impact of business disruptions, and improve resiliency and recovery from business disruptions."
BCR-04.1,"Is a business continuity plan - based on the results of operational resilience strategies and capabilities - established, documented, approved, communicated, applied, evaluated and maintained?",BCR-04,Business Continuity Planning,Business Continuity Management and Operational Resilience,Cloud & AI Related,"Establish, document, approve, communicate, apply, evaluate and  maintain a business continuity plan based on the results of the operational resilience strategies and capabilities."
BCR-05.1,"Is relevant documentation, both internal and from external parties, for supporting the business continuity and operational resilience plans, developed, identified, and acquired?",BCR-05,Documentation,Business Continuity Management and Operational Resilience,Cloud & AI Related,"Develop, identify, and acquire documentation,  both internally and from external parties, that is relevant to support the business continuity and operational resilience plans. Make the documentation available to authorized stakeholders and review at least annually, or upon significant changes."
BCR-05.2,"Is the documentation available to authorized stakeholders and reviewed at least annually, or upon significant changes?",BCR-05,Documentation,Business Continuity Management and Operational Resilience,Cloud & AI Related,"Develop, identify, and acquire documentation,  both internally and from external parties, that is relevant to support the business continuity and operational resilience plans. Make the documentation available to authorized stakeholders and review at least annually, or upon significant changes."
BCR-06.1,"Are the business continuity and operational resilience plans exercised and tested at least annually, or upon significant changes?",BCR-06,Business Continuity Exercises,Business Continuity Management and Operational Resilience,Cloud & AI Related,"Exercise and test business continuity and operational resilience plans at least annually, or upon significant changes."
BCR-07.1,Are communication channels with all relevant stakeholders established and maintained in the course of business continuity and resilience procedures?,BCR-07,Communication,Business Continuity Management and Operational Resilience,Cloud & AI Related,Establish and maintain communication channels with all relevant  stakeholders in the course of business continuity and resilience  procedures.
BCR-08.1,Are backups periodically performed?,BCR-08,Backup,Business Continuity Management and Operational Resilience,Cloud & AI Related,"Periodically perform backups. Ensure the confidentiality, integrity  and availability of the backup, and verify restoration from backup for resiliency."
BCR-08.2,"Is the confidentiality, integrity and availability of the backup, ensured and data restoration from backup verified for resiliency?",BCR-08,Backup,Business Continuity Management and Operational Resilience,Cloud & AI Related,"Periodically perform backups. Ensure the confidentiality, integrity  and availability of the backup, and verify restoration from backup for resiliency."
BCR-09.1,"Is a disaster response plan to recover from natural and man-made disasters established, documented, approved, communicated, applied, evaluated, and maintained?",BCR-09,Disaster Response Plan,Business Continuity Management and Operational Resilience,Cloud & AI Related,"Establish, document, approve, communicate, apply, evaluate and maintain a disaster response plan to recover from natural and man-made disasters. Update the plan at least annually, or upon significant changes."
BCR-09.2,Is the Disaster Response Plan updated at least annually or upon significant changes?,BCR-09,Disaster Response Plan,Business Continuity Management and Operational Resilience,Cloud & AI Related,"Establish, document, approve, communicate, apply, evaluate and maintain a disaster response plan to recover from natural and man-made disasters. Update the plan at least annually, or upon significant changes."
BCR-10.1,"Is the disaster response plan exercised annually or upon 
significant changes, including, if possible, the participation 
of local emergency authorities?",BCR-10,Response Plan Exercise,Business Continuity Management and Operational Resilience,Cloud & AI Related,"Exercise the disaster response plan annually or upon 
significant changes, including, if possible, the participation 
of local emergency authorities."
BCR-11.1,Are business-critical equipment supplemented with both locally redundant and geographically dispersed equipment located at a reasonable minimum distance in accordance with applicable industry standards?,BCR-11,Equipment Redundancy,Business Continuity Management and Operational Resilience,Cloud & AI Related,Supplement business-critical equipment with both locally redundant and geographically dispersed equipment located at a reasonable minimum distance in accordance with applicable industry standards.
CCC-01.1,"Are policies and procedures for managing the risks associated with applying changes to assets owned, controlled or used by the organization, established, documented, approved, communicated, applied, evaluated, and maintained?",CCC-01,Change Management Policy and Procedures,Change Control and Configuration Management,Cloud & AI Related,"Establish, document, approve, communicate, apply, evaluate and  maintain policies and procedures for managing the risks  associated with applying changes to assets owned, controlled or  used by the organization. Review and update the policies and  procedures at least annually, or upon significant changes."
CCC-01.2,Are the policies and procedures reviewed and updated at least annually or upon significant changes?,CCC-01,Change Management Policy and Procedures,Change Control and Configuration Management,Cloud & AI Related,"Establish, document, approve, communicate, apply, evaluate and  maintain policies and procedures for managing the risks  associated with applying changes to assets owned, controlled or  used by the organization. Review and update the policies and  procedures at least annually, or upon significant changes."
CCC-02.1,"Is a defined quality change control, approval and testing process incorporating baselines, testing and release standards, established, maintained and implemented?",CCC-02,Quality Testing,Change Control and Configuration Management,Cloud & AI Related,"Establish, maintain and implement a defined quality change  control, approval and testing process incorporating baselines, testing, and release standards."
CCC-03.1,"Is a change management procedure implemented to manage the risks associated with applying changes to assets owned, controlled or used by the organization?",CCC-03,Change Management Technology,Change Control and Configuration Management,Cloud & AI Related,"Implement a change management procedure to manage the risks associated with applying changes to assets owned, controlled or used by the organization."
CCC-04.1,"Are procedures implemented and enforced to authorize the addition, removal, update, and management of assets that are owned, controlled, or used by the organization?",CCC-04,Unauthorized Change Protection,Change Control and Configuration Management,Cloud & AI Related,"Implement and enforce a procedure to authorize the addition, removal, update, and management of assets that are owned, controlled or used by the organization."
CCC-05.1,Are provisions included that limit changes impacting directly service customer owned environments (tenants) to explicitly authorized requests within service level agreements?,CCC-05,Change Agreements,Change Control and Configuration Management,Cloud & AI Related,Include provisions limiting changes directly impacting service customers owned environments (tenants) to explicitly authorized requests within service level agreements.
CCC-06.1,"Are change management and configuration baselines established, documented and implemented for all relevant authorized changes on organization assets?",CCC-06,Change Management Baseline,Change Control and Configuration Management,Cloud & AI Related,"Establish, document and implement change management and configuration baselines for all relevant authorized changes on organization assets. Review and update the baselines at least annually, or upon significant changes."
CCC-06.2,Are the baselines reviewed and updated at least annually or upon significant changes?,CCC-06,Change Management Baseline,Change Control and Configuration Management,Cloud & AI Related,"Establish, document and implement change management and configuration baselines for all relevant authorized changes on organization assets. Review and update the baselines at least annually, or upon significant changes."
CCC-07.1,Are detection measures with proactive notification implemented in case of changes deviating from the established baseline?,CCC-07,Detection of Baseline Deviation,Change Control and Configuration Management,Cloud & AI Related,Implement detection measures with proactive notification in case of changes deviating from the established baseline.
CCC-08.1,"Is a procedure implemented (aligning with the requirements of GRC-04: Policy Exception Process) for the management of exceptions, including emergencies, in the change and configuration process?",CCC-08,Exception Management,Change Control and Configuration Management,Cloud & AI Related,"Implement a procedure for the management of exceptions, including emergencies, in the change and configuration process. Align the procedure with the requirements of GRC-04: Policy Exception Process."
CCC-09.1,Is a process defined and implemented to proactively roll back changes to a previous known good state in case of errors or security concerns?,CCC-09,Change Restoration,Change Control and Configuration Management,Cloud & AI Related,Define and implement a process to proactively roll back changes to a previous known good state in case of errors or security concerns.
CEK-01.1,"Are cryptography, encryption, and key management policies and procedures established, documented, approved, communicated, applied, evaluated, and maintained?",CEK-01,Encryption and Key Management Policy and Procedures,"Cryptography, Encryption & Key Management",Cloud & AI Related,"Establish, document, approve, communicate, apply, evaluate and maintain policies and procedures for Cryptography, Encryption and Key Management.  Review and update the policies and procedures at least annually, or upon significant changes."
CEK-01.2,"Are cryptography, encryption, and key management policies and procedures reviewed and updated at least annually or upon significant changes?",CEK-01,Encryption and Key Management Policy and Procedures,"Cryptography, Encryption & Key Management",Cloud & AI Related,"Establish, document, approve, communicate, apply, evaluate and maintain policies and procedures for Cryptography, Encryption and Key Management.  Review and update the policies and procedures at least annually, or upon significant changes."
CEK-02.1,"Are cryptography, encryption, and key management roles and responsibilities defined and implemented?",CEK-02,CEK Roles and Responsibilities,"Cryptography, Encryption & Key Management",Cloud & AI Related,"Define and implement cryptographic, encryption and key management roles and responsibilities."
CEK-03.1,"Is data protection, at-rest, in-transit and where applicable in-use, provided by using cryptographic libraries certified to approved standards?",CEK-03,Data Protection,"Cryptography, Encryption & Key Management",Cloud & AI Related,"Provide data protection at-rest, in-transit and, where applicable, in-use by using cryptographic libraries certified to approved standards."
CEK-04.1,"Are encryption algorithms utilized following industry standards for protecting data, based on the data classification and associated risks?",CEK-04,Encryption Algorithm,"Cryptography, Encryption & Key Management",Cloud & AI Related,"Utilize encryption algorithms following industry standards for protecting data, based on the data classification and associated risks."
CEK-05.1,"Are standard change management procedures established to review, approve, implement, and communicate cryptography, encryption, and key management technology changes that accommodate internal and external sources?",CEK-05,Encryption Change Management,"Cryptography, Encryption & Key Management",Cloud & AI Related,"Establish a standard change management procedure, to accommodate changes from internal and external sources, for review, approval, implementation and communication of cryptographic, encryption and key management technology changes."
CEK-06.1,"Are changes to cryptography-, encryption- and key management-related systems, policies, and procedures, managed and adopted in a manner that fully accounts for downstream effects of proposed changes, including residual risk, cost, and benefits analysis?",CEK-06,Encryption Change Cost Benefit Analysis,"Cryptography, Encryption & Key Management",Cloud & AI Related,"Manage and adopt changes to cryptography-, encryption-, and key management-related systems (including policies and procedures) that fully account for downstream effects of proposed changes, including residual risk, cost, and benefits analysis."
CEK-07.1,"Is a cryptography, encryption, and key management risk program established and maintained that includes risk assessment, risk treatment, risk context, monitoring,
 and feedback provisions?",CEK-07,Encryption Risk Management,"Cryptography, Encryption & Key Management",Cloud & AI Related,"Establish and maintain an encryption and key management risk program that includes provisions for risk assessment, risk treatment, risk context, monitoring, and feedback."
CEK-08.1,Are service providers providing service customers with the capability to manage their own data encryption keys?,CEK-08,Service Customer Key Management Capability,"Cryptography, Encryption & Key Management",Cloud & AI Related,Service providers must provide the capability for service customers to manage their own data encryption keys.
CEK-09.1,"Are encryption and key management systems, policies, and processes audited with a frequency proportional to the system's risk exposure?",CEK-09,Encryption and Key Management Audit,"Cryptography, Encryption & Key Management",Cloud & AI Related,"Audit encryption and key management systems, policies, and processes with a frequency that is proportional to the risk exposure of the system  with audit occurring preferably continuously but at least annually and after  any security event(s)."
CEK-09.2,"Are encryption and key management systems, policies, and processes audited preferably continuously but at least annually and after any security event?",CEK-09,Encryption and Key Management Audit,"Cryptography, Encryption & Key Management",Cloud & AI Related,"Audit encryption and key management systems, policies, and processes with a frequency that is proportional to the risk exposure of the system  with audit occurring preferably continuously but at least annually and after  any security event(s)."
CEK-10.1,Are cryptographic keys generated using industry-accepted and approved cryptographic libraries that specify algorithm strength and random number generator specifications?,CEK-10,Key Generation,"Cryptography, Encryption & Key Management",Cloud & AI Related,Generate Cryptographic keys using industry accepted cryptographic libraries specifying the algorithm strength and the random number  generator used.
CEK-11.1,Are cryptographic secrets and private keys that are provisioned for a unique purpose properly managed?,CEK-11,Key Purpose,"Cryptography, Encryption & Key Management",Cloud & AI Related,Manage cryptographic secret and private keys that are provisioned for a unique purpose.
CEK-12.1,"Are cryptographic keys rotated based on a cryptoperiod calculated while considering information disclosure risks, and legal and regulatory requirements?",CEK-12,Key Rotation,"Cryptography, Encryption & Key Management",Cloud & AI Related,"Rotate cryptographic keys in accordance with the calculated cryptoperiod, which includes provisions for considering the risk of information disclosure and legal and regulatory requirements."
CEK-13.1,"Are cryptographic keys revoked and removed before the end of the established cryptoperiod (when a key is compromised, or an entity is no longer part of the organization) per defined, implemented, and evaluated processes, procedures, and technical measures which include legal and regulatory requirement provisions?",CEK-13,Key Revocation,"Cryptography, Encryption & Key Management",Cloud & AI Related,"Define, implement and evaluate processes, procedures and technical measures to revoke and remove cryptographic keys prior to the end of its established cryptoperiod, when a key is compromised, or an entity is no longer part of the organization, which include provisions for legal and regulatory requirements."
CEK-14.1,"Are processes, procedures, and technical measures which include provisions for legal and regulatory requirements, defined, implemented and evaluated, to securely destroy cryptographic keys when they are no longer needed?",CEK-14,Key Destruction,"Cryptography, Encryption & Key Management",Cloud & AI Related,"Define, implement, and evaluate processes, procedures, and technical measures to securely destroy cryptographic keys when they are no longer needed, which include provisions for legal and regulatory requirements."
CEK-15.1,"Are processes, procedures, and technical measures to create keys in a pre-activated state (i.e., when they have been generated but not authorized for use) defined, implemented, and evaluated, including provisions for legal and regulatory requirements?",CEK-15,Key Activation,"Cryptography, Encryption & Key Management",Cloud & AI Related,"Define, implement and evaluate processes, procedures and technical measures to create keys in a pre-activated state when they have been generated but not authorized for use, which include provisions for legal and regulatory requirements."
CEK-16.1,"Are processes, procedures, and technical measures to monitor, review, and approve key transitions (e.g., from any state to/from suspension) defined, implemented, and evaluated including provisions for legal and regulatory requirements?",CEK-16,Key Suspension,"Cryptography, Encryption & Key Management",Cloud & AI Related,"Define, implement and evaluate processes, procedures and technical measures to monitor, review and approve key transitions from any  state to/from suspension, which include provisions for legal and regulatory  requirements."
CEK-17.1,"Are processes, procedures, and technical measures to deactivate keys (at the time of their expiration date) defined, implemented, and evaluated including provisions for legal and regulatory requirements?",CEK-17,Key Deactivation,"Cryptography, Encryption & Key Management",Cloud & AI Related,"Define, implement and evaluate processes, procedures and technical measures to deactivate keys at the time of their expiration date, which  include provisions for legal and regulatory requirements."
CEK-18.1,"Are processes, procedures, and technical measures to manage archived keys in a secure repository (requiring least privilege access) defined, implemented, and evaluated including provisions for legal and regulatory requirements?",CEK-18,Key Archival,"Cryptography, Encryption & Key Management",Cloud & AI Related,"Define, implement and evaluate processes, procedures and technical measures to manage archived keys in a secure repository requiring least  privilege access, which include provisions for legal and regulatory  requirements."
CEK-19.1,"Are processes, procedures, and technical measures to use compromised keys to encrypt information in specific scenarios (e.g., only in controlled circumstances and thereafter only for data decryption and never for encryption) defined, implemented, and evaluated including provisions for legal and regulatory requirement?",CEK-19,Key Compromise,"Cryptography, Encryption & Key Management",Cloud & AI Related,"Define, implement and evaluate processes, procedures and technical measures to use compromised keys to encrypt information only in  controlled circumstance, and thereafter exclusively for decrypting data  and never for encrypting data, which include provisions for legal and  regulatory requirements."
CEK-20.1,"Are processes, procedures, and technical measures to assess operational continuity risks (versus the risk of losing control of keying material and exposing protected data) defined, implemented, and evaluated, including provisions for legal and regulatory requirement provisions?",CEK-20,Key Recovery,"Cryptography, Encryption & Key Management",Cloud & AI Related,"Define, implement and evaluate processes, procedures and technical measures to assess the risk to operational continuity versus the risk of  the keying material and the information it protects being exposed if  control of the keying material is lost, which include provisions for legal  and regulatory requirements."
CEK-21.1,"Are key management system processes, procedures, and technical measures defined, implemented, and evaluated to track and report all cryptographic materials and status changes including provisions for legal and regulatory requirements?",CEK-21,Key Inventory Management,"Cryptography, Encryption & Key Management",Cloud & AI Related,"Define, implement and evaluate processes, procedures and technical measures in order for the key management system to track and report  all cryptographic materials and changes in status, which include provisions  for legal and regulatory requirements."
DCS-01.1,"Are the policies and procedures for physical and environmental security, established, 
documented, approved, communicated, applied, evaluated and maintained?",DCS-01,Physical and Environmental Security Policy and Procedures,Datacenter Security,Cloud & AI Related,"Establish, document, approve, communicate, apply, evaluate and maintain policies and procedures for physical and environmental security. Review and update the policies and procedures at least annually, or upon significant changes."
DCS-01.2,"Are the Physical and Environmental Security Policy and Procedures, reviewed at least annually or upon significant changes?",DCS-01,Physical and Environmental Security Policy and Procedures,Datacenter Security,Cloud & AI Related,"Establish, document, approve, communicate, apply, evaluate and maintain policies and procedures for physical and environmental security. Review and update the policies and procedures at least annually, or upon significant changes."
DCS-02.1,"Are policies and procedures for the secure disposal of equipment used outside the organization's premises established, documented, approved, communicated, enforced, and maintained?",DCS-02,Off-Site Equipment Disposal Policy and Procedures,Datacenter Security,Cloud & AI Related,"Establish, document, approve, communicate, apply, evaluate and maintain policies and procedures for the secure disposal of equipment used outside  the organization's premises. If the equipment is not physically destroyed a data destruction procedure that renders recovery of information  impossible must be applied. Review and update the policies and procedures at least annually, or upon significant changes."
DCS-02.2,Is a data destruction procedure applied that renders recovery of information impossible if equipment is not physically destroyed?,DCS-02,Off-Site Equipment Disposal Policy and Procedures,Datacenter Security,Cloud & AI Related,"Establish, document, approve, communicate, apply, evaluate and maintain policies and procedures for the secure disposal of equipment used outside  the organization's premises. If the equipment is not physically destroyed a data destruction procedure that renders recovery of information  impossible must be applied. Review and update the policies and procedures at least annually, or upon significant changes."
DCS-02.3,"Are all policies and procedures for the secure disposal of equipment used outside the organization's premises reviewed and updated at least annually, or upon significant changes?",DCS-02,Off-Site Equipment Disposal Policy and Procedures,Datacenter Security,Cloud & AI Related,"Establish, document, approve, communicate, apply, evaluate and maintain policies and procedures for the secure disposal of equipment used outside  the organization's premises. If the equipment is not physically destroyed a data destruction procedure that renders recovery of information  impossible must be applied. Review and update the policies and procedures at least annually, or upon significant changes."
DCS-03.1,"Are policies and procedures for the relocation or transfer of hardware, software, or data/information to an offsite or alternate location established, documented, approved, communicated, implemented, enforced, maintained?",DCS-03,Off-Site Transfer Authorization Policy and Procedures,Datacenter Security,Cloud & AI Related,"Establish, document, approve, communicate, apply, evaluate and maintain policies and procedures for the relocation or transfer of hardware, software, or data/information to an offsite or alternate location. The relocation or transfer request requires the written or cryptographically verifiable authorization. Review and update the policies and procedures at least annually, or upon significant changes."
DCS-03.2,Are the written or cryptographically verifiable authorizations required for relocation or transfer request?,DCS-03,Off-Site Transfer Authorization Policy and Procedures,Datacenter Security,Cloud & AI Related,"Establish, document, approve, communicate, apply, evaluate and maintain policies and procedures for the relocation or transfer of hardware, software, or data/information to an offsite or alternate location. The relocation or transfer request requires the written or cryptographically verifiable authorization. Review and update the policies and procedures at least annually, or upon significant changes."
DCS-03.3,"Are policies and procedures for the relocation or transfer of hardware, software, or data/information to an offsite or alternate location reviewed and updated at least annually, or upon significant changes?",DCS-03,Off-Site Transfer Authorization Policy and Procedures,Datacenter Security,Cloud & AI Related,"Establish, document, approve, communicate, apply, evaluate and maintain policies and procedures for the relocation or transfer of hardware, software, or data/information to an offsite or alternate location. The relocation or transfer request requires the written or cryptographically verifiable authorization. Review and update the policies and procedures at least annually, or upon significant changes."
DCS-04.1,"Are policies and procedures for maintaining a safe and secure working environment (in offices, rooms, and facilities) established, documented, approved, communicated, applied, evaluated and maintained?",DCS-04,Secure Area Policy and Procedures,Datacenter Security,Cloud-Specific,"Establish, document, approve, communicate, apply, evaluate and maintain policies and procedures for maintaining a safe and secure working environment in offices, rooms, and facilities. Review and update the policies and procedures at least annually, or upon significant changes."
DCS-04.2,"Are policies and procedures for maintaining safe, secure working environments (e.g., offices, rooms, and facilities) reviewed and updated at least annually, or upon significant changes?",DCS-04,Secure Area Policy and Procedures,Datacenter Security,Cloud-Specific,"Establish, document, approve, communicate, apply, evaluate and maintain policies and procedures for maintaining a safe and secure working environment in offices, rooms, and facilities. Review and update the policies and procedures at least annually, or upon significant changes."
DCS-05.1,"Are policies and procedures for the secure transportation of physical media  established, documented, approved, communicated, applied, evaluated, and maintained?",DCS-05,Secure Media Transportation Policy and Procedures,Datacenter Security,Cloud-Specific,"Establish, document, approve, communicate, apply, evaluate and maintain policies and procedures for the secure transportation of physical media. Review and update the policies and procedures at least annually, or upon significant changes."
DCS-05.2,"Are policies and procedures for the secure transportation of physical media reviewed and updated at least annually, or upon significant changes?",DCS-05,Secure Media Transportation Policy and Procedures,Datacenter Security,Cloud-Specific,"Establish, document, approve, communicate, apply, evaluate and maintain policies and procedures for the secure transportation of physical media. Review and update the policies and procedures at least annually, or upon significant changes."
DCS-06.1,Are the physical and logical assets (e.g. applications) classified and documented based on the organizational business risk?,DCS-06,Assets Classification,Datacenter Security,Cloud & AI Related,"Classify and document the physical, and logical assets (e.g., applications) based on the organizational business risk. Review and update the assets’ classification at least annually, or upon significant changes."
DCS-06.2,Is the assets' classification reviewed and updated at least annually or upon significant changes?,DCS-06,Assets Classification,Datacenter Security,Cloud & AI Related,"Classify and document the physical, and logical assets (e.g., applications) based on the organizational business risk. Review and update the assets’ classification at least annually, or upon significant changes."
DCS-07.1,Are all relevant physical and logical assets located at service provider sites catalogued and tracked within a secured system?,DCS-07,Assets Cataloguing and Tracking,Datacenter Security,Cloud & AI Related,"Catalogue and track all relevant physical and logical assets located at all of the service provider's sites within a secured system. Review and update the catalogue at least annually, or upon significant changes."
DCS-07.2,Are catalogues reviewed and updated at least annually or upon significant changes?,DCS-07,Assets Cataloguing and Tracking,Datacenter Security,Cloud & AI Related,"Catalogue and track all relevant physical and logical assets located at all of the service provider's sites within a secured system. Review and update the catalogue at least annually, or upon significant changes."
DCS-08.1,"Are physical security perimeters designed and implemented to safeguard personnel, data, and information systems?",DCS-08,Controlled Physical Access Points,Datacenter Security,Cloud-Specific,"Design and implement physical security perimeters to safeguard personnel, data, and information systems."
DCS-09.1,Is equipment identification used as a method for connection authentication?,DCS-09,Equipment Identification,Datacenter Security,Cloud-Specific,Use equipment identification as a method for connection authentication.
DCS-10.1,"Are solely authorized personnel able to access secure areas, with all ingress and egress areas restricted, documented, and monitored by physical access control mechanisms?",DCS-10,Secure Area Authorization,Datacenter Security,Cloud-Specific,"Allow only authorized personnel access to secure areas, with all ingress and egress points restricted, documented, and monitored by  physical access control mechanisms. Retain access control records on a  periodic basis as deemed appropriate by the organization."
DCS-10.2,"Are access control records retained periodically, as deemed appropriate by the organization?",DCS-10,Secure Area Authorization,Datacenter Security,Cloud-Specific,"Allow only authorized personnel access to secure areas, with all ingress and egress points restricted, documented, and monitored by  physical access control mechanisms. Retain access control records on a  periodic basis as deemed appropriate by the organization."
DCS-11.1,"Are datacenter surveillance systems at the external perimeter and at all the ingress and egress points, implemented, maintained, and operated to detect unauthorized ingress and egress attempts?",DCS-11,Surveillance System,Datacenter Security,Cloud-Specific,"Implement, maintain, and operate datacenter surveillance systems at the external perimeter and at all the ingress and egress points to  detect unauthorized ingress and egress attempts."
DCS-12.1,"Are data center personnel trained to safely manage adverse events, including but not limited to unauthorized ingress and egress attempts?",DCS-12,Adverse Event Response Training,Datacenter Security,Cloud-Specific,"Train datacenter personnel to safely manage adverse events, including but not limited to unauthorized ingress and egress attempts."
DCS-13.1,"Are processes, procedures, and technical measures defined, implemented, and evaluated to ensure risk-based protection of power and telecommunication cables from interception, interference, or damage threats at all facilities, offices, and rooms?",DCS-13,Cabling Security,Datacenter Security,Cloud-Specific,"Define, implement and evaluate processes, procedures and technical measures that ensure a risk-based protection of power and telecommunication cables from a threat of interception, interference or damage at all facilities, offices and rooms."
DCS-14.1,"Are data center environmental control systems designed to implement and maintain, and test for continual effectiveness of temperature and humidity conditions within accepted industry standards?",DCS-14,Environmental Systems,Datacenter Security,Cloud-Specific,"Implement and maintain data center environmental control systems that monitor, maintain and test for continual effectiveness the temperature and humidity conditions within accepted industry standards."
DCS-15.1,"Are utility services secured, monitored, maintained, and tested at planned intervals for continual effectiveness?",DCS-15,Secure Utilities,Datacenter Security,Cloud-Specific,"Secure, monitor, maintain, and test utilities services for continual effectiveness at planned intervals."
DCS-16.1,Is business-critical equipment segregated from locations subject to a high probability of environmental risk events?,DCS-16,Equipment Location,Datacenter Security,Cloud-Specific,Keep business-critical equipment away from locations subject to high probability for environmental risk events.
DCS-17.1,"Are data center security metrics established, monitored and reported, to secure data center assets and services?",DCS-17,Datacenter Metrics,Datacenter Security,Cloud-Specific,"Establish, monitor and report data center security metrics to secure data center assets and services."
DCS-18.1,"Are processes, procedures and technical measures defined, implemented and evaluated, to ensure continuous operations?",DCS-18,Datacenter Operations Resilience,Datacenter Security,Cloud-Specific,"Define, implement and evaluate processes, procedures and technical measures to ensure continuous operations."
DSP-01.1,"Are Policies and Procedures established, documented, approved, communicated, applied, evaluated, and maintained for the preparation, classification, protection, and handling of data throughout its lifecycle, and according to all applicable laws and regulations, standards, and risk level?",DSP-01,Security and Privacy Policy and Procedures,Data Security and Privacy Lifecycle Management,Cloud & AI Related,"Establish, document, approve, communicate, 
apply, evaluate and maintain policies and 
procedures for the preparation, classification, 
protection and handling of data throughout 
its lifecycle, and according to all applicable 
laws and regulations, standards, and risk level. 
Review and update the policies and 
procedures at least annually, or upon 
significant changes."
DSP-01.2,"Are Policies and Procedures reviewed and updated at least annually, or upon significant changes?",DSP-01,Security and Privacy Policy and Procedures,Data Security and Privacy Lifecycle Management,Cloud & AI Related,"Establish, document, approve, communicate, 
apply, evaluate and maintain policies and 
procedures for the preparation, classification, 
protection and handling of data throughout 
its lifecycle, and according to all applicable 
laws and regulations, standards, and risk level. 
Review and update the policies and 
procedures at least annually, or upon 
significant changes."
DSP-02.1,Are industry-accepted methods applied for securely disposing of data from storage media so that it is not recoverable by any forensic means?,DSP-02,Secure Disposal,Data Security and Privacy Lifecycle Management,Cloud & AI Related,Apply industry accepted methods for the secure disposal of data from storage media such that data is not recoverable by any forensic means.
DSP-03.1,"Are data inventories created and maintained at least for any sensitive, regulated, and personal data?",DSP-03,Data Inventory,Data Security and Privacy Lifecycle Management,Cloud & AI Related,"Create and maintain a data inventory, at least for any sensitive, regulated  and personal data. Review and update the inventory at least annually, or upon significant changes."
DSP-03.2,Are inventories reviewed and updated at least annually or upon significant changes?,DSP-03,Data Inventory,Data Security and Privacy Lifecycle Management,Cloud & AI Related,"Create and maintain a data inventory, at least for any sensitive, regulated  and personal data. Review and update the inventory at least annually, or upon significant changes."
DSP-04.1,"Are data classified according to its type, criticality and sensitivity level?",DSP-04,Data Classification,Data Security and Privacy Lifecycle Management,Cloud & AI Related,"Classify data according to its type, criticality and sensitivity level."
DSP-05.1,"Is data flow documentation created to identify what data is processed, stored, or transmitted where?",DSP-05,Data Flow Documentation,Data Security and Privacy Lifecycle Management,Cloud & AI Related,"Create data flow documentation to identify what data is processed, stored or transmitted where. Review data flow documentation at defined intervals, at least annually, and upon significant changes."
DSP-05.2,"Is data flow documentation reviewed at defined intervals, at least annually, and upon significant changes?",DSP-05,Data Flow Documentation,Data Security and Privacy Lifecycle Management,Cloud & AI Related,"Create data flow documentation to identify what data is processed, stored or transmitted where. Review data flow documentation at defined intervals, at least annually, and upon significant changes."
DSP-06.1,Are ownership and stewardship of all relevant personal and sensitive data documented?,DSP-06,Data Ownership and Stewardship,Data Security and Privacy Lifecycle Management,Cloud & AI Related,Document ownership and stewardship of all relevant documented personal and sensitive data. Perform review at least annually.
DSP-06.2,Are reviews performed at least annually for the documented ownership and stewardship of all relevant personal and sensitive data?,DSP-06,Data Ownership and Stewardship,Data Security and Privacy Lifecycle Management,Cloud & AI Related,Document ownership and stewardship of all relevant documented personal and sensitive data. Perform review at least annually.
DSP-07.1,"Are systems, products, and business practices developed based upon a principle of security by design and industry best practices?",DSP-07,Data Protection by Design and Default,Data Security and Privacy Lifecycle Management,Cloud & AI Related,"Develop systems, products, and business practices based upon a principle of security by design and industry best practices."
DSP-08.1,"Are systems, products, and business practices developed based upon a principle of privacy by design and industry best practices?",DSP-08,Data Privacy by Design and Default,Data Security and Privacy Lifecycle Management,Cloud & AI Related,"Develop systems, products, and business practices based upon a principle of privacy by design and industry best practices. Ensure that systems' privacy settings are configured by default, according to all applicable laws and regulations."
DSP-08.2,"Are systems' privacy settings configured by default, according to all applicable laws and regulations?",DSP-08,Data Privacy by Design and Default,Data Security and Privacy Lifecycle Management,Cloud & AI Related,"Develop systems, products, and business practices based upon a principle of privacy by design and industry best practices. Ensure that systems' privacy settings are configured by default, according to all applicable laws and regulations."
DSP-09.1,"Are Data Protection Impact Assessments (DPIAs) conducted to evaluate the origin, nature, particularity, and severity of the risks upon the processing of personal data, according to any applicable laws, regulations, and industry best practices?",DSP-09,Data Protection Impact Assessment,Data Security and Privacy Lifecycle Management,Cloud & AI Related,"Conduct a Data Protection Impact Assessment (DPIA) to evaluate the origin, nature, particularity and severity of the risks upon the processing of personal data, according to any applicable laws, regulations and industry best practices."
DSP-10.1,"Are processes, procedures, and technical measures defined, implemented, and evaluated that ensure any transfer of personal or sensitive data is protected from unauthorized access and only processed within scope as permitted by the respective laws and regulations?",DSP-10,Sensitive Data Transfer,Data Security and Privacy Lifecycle Management,Cloud & AI Related,"Define, implement and evaluate processes, procedures and technical measures that ensure any transfer of personal or sensitive data is protected from unauthorized access and only processed within scope as permitted by the respective laws and regulations."
DSP-11.1,"Are processes, procedures, and technical measures defined and implemented to enable data subjects to request access to, modify, or delete their personal data according to applicable laws and regulations?",DSP-11,"Personal Data Access, Reversal, Rectification and Deletion",Data Security and Privacy Lifecycle Management,Cloud & AI Related,"Define and implement, processes, procedures and technical measures to enable data subjects to request access to, modification, or deletion of their personal data, according to any applicable laws and regulations."
DSP-12.1,"Are processes, procedures, and technical measures defined, implemented, and evaluated to ensure that personal data is processed according to applicable laws and regulations and for the purposes declared to the data subject?",DSP-12,Limitation of Purpose in Personal Data Processing,Data Security and Privacy Lifecycle Management,Cloud & AI Related,"Define, implement and evaluate processes, procedures and technical measures to ensure that personal data is processed according to any applicable laws and regulations and for the purposes declared to the data subject."
DSP-13.1,"Are processes, procedures, and technical measures defined, implemented, and evaluated for transferring and sub-processing personal data within the service supply chain according to applicable laws and regulations?",DSP-13,Personal Data Sub-processing,Data Security and Privacy Lifecycle Management,Cloud & AI Related,"Define, implement and evaluate processes, procedures and technical measures for the transfer and sub-processing of personal data within the service supply chain, according to any applicable laws and regulations."
DSP-14.1,"Are processes, procedures, and technical measures defined, implemented, and evaluated to disclose the details of any personal or sensitive data access by sub-processors to the data owner before initiating that processing?",DSP-14,Disclosure of Data Sub-processors,Data Security and Privacy Lifecycle Management,Cloud & AI Related,"Define, implement and evaluate processes, procedures and technical measures to disclose the details of any personal or sensitive data access by sub-processors to the data owner prior to initiation of that processing."
DSP-15.1,Are authorizations obtained from data owners and associated risks managed before replicating or using production data in non-production environments?,DSP-15,Limitation of Production Data Use,Data Security and Privacy Lifecycle Management,Cloud & AI Related,"Obtain authorization from data owners, and manage associated risk before replicating or using production data in non-production environments."
DSP-16.1,"Are data retention, archiving, and deletion managed per business requirements, applicable laws, and regulations?",DSP-16,Data Retention and Deletion,Data Security and Privacy Lifecycle Management,Cloud & AI Related,"Data retention, archiving and deletion is managed in accordance with business requirements, applicable laws and regulations."
DSP-17.1,"Are processes, procedures, and technical measures defined and implemented to protect sensitive data throughout its lifecycle?",DSP-17,Sensitive Data Protection,Data Security and Privacy Lifecycle Management,Cloud & AI Related,"Define and implement, processes, procedures and technical measures to protect sensitive data throughout its lifecycle."
DSP-18.1,"Is the procedure to manage and respond to requests for disclosure of Personal Data by Law Enforcement Authorities according to applicable laws and regulations, implemented and described to the service customers by the service providers?",DSP-18,Disclosure Notification,Data Security and Privacy Lifecycle Management,Cloud & AI Related,The service providers must implement and describe to service customers the procedure to manage and respond to requests for disclosure of Personal Data by Law Enforcement Authorities according to applicable laws and regulations.
DSP-19.1,"Are processes, procedures, and technical measures defined and implemented to specify and document the physical locations of data, including any locations where data is processed or backed up?",DSP-19,Data Location,Data Security and Privacy Lifecycle Management,Cloud & AI Related,"Define and implement, processes, procedures and technical measures to specify and document the physical locations of data, including any locations in which data is processed or backed up."
DSP-20.1,"Are processes, procedures, and technical measures defined, implemented, and evaluated to: 
1) Document and trace data sources, and 2) Make the data source available according to legal and regulatory requirements",DSP-20,Data Provenance and Transparency,Data Security and Privacy Lifecycle Management,Cloud & AI Related,"Define, implement and evaluate processes, procedures and technical measures to:  1) Document and trace data sources, and 2) Make the data source available according to legal and regulatory requirements"
DSP-21.1,"Are processes, procedures and technical measures to prevent data poisoning in AI models and continuously detect such, defined, implemented and evaluated?",DSP-21,Data Poisoning Prevention & Detection,Data Security and Privacy Lifecycle Management,AI-Specific,"Define, implement and evaluate processes, procedures and technical measures to prevent data poisoning in AI models and continuously detect such."
DSP-22.1,Are Privacy Enhancing Technologies (PET) used for training data informed by risk and privacy impact analysis and business use cases?,DSP-22,Privacy Enhancing Technologies,Data Security and Privacy Lifecycle Management,AI-Specific,"Use Privacy Enhancing Technologies for training data, informed by risk and privacy impact analysis and business use cases."
DSP-23.1,"Is the consistency and conformity of training, fine-tuning or augmentation data regularly validated?",DSP-23,Data Integrity Check,Data Security and Privacy Lifecycle Management,AI-Specific,"Regularly validate the consistency and conformity of training, fine-tuning or augmentation data. Implement dataset versioning to ensure traceability and enforce restrictions to prevent unauthorized changes."
DSP-23.2,"Is dataset versioning to ensure traceability implemented and are restrictions to prevent unauthorized changes, enforced?",DSP-23,Data Integrity Check,Data Security and Privacy Lifecycle Management,AI-Specific,"Regularly validate the consistency and conformity of training, fine-tuning or augmentation data. Implement dataset versioning to ensure traceability and enforce restrictions to prevent unauthorized changes."
DSP-24.1,"Is training-data differentiation and relevance to the intended use of the AI Model, ensured?",DSP-24,Data Differentiation and Relevance,Data Security and Privacy Lifecycle Management,AI-Specific,Ensure training-data differentiation and relevance to the intended use of the AI Model.
GRC-01.1,"Are policies and procedures established, documented, approved, communicated, applied, evaluated, and maintained for an information governance program that is sponsored by the leadership of the organization and related to AI systems as well?",GRC-01,Governance Program Policy and Procedures,"Governance, Risk and Compliance",Cloud & AI Related,"Establish, document, approve, communicate, apply, evaluate 
and maintain policies and procedures for an information 
governance program, which is sponsored by the leadership 
of the organization and related to AI systems as well. 
Review and update the policies and procedures at least 
annually, or upon significant changes."
GRC-01.2,"Are policies and procedures for an information governance program and related to AI systems, reviewed and updated at least annually, or upon significant changes?",GRC-01,Governance Program Policy and Procedures,"Governance, Risk and Compliance",Cloud & AI Related,"Establish, document, approve, communicate, apply, evaluate 
and maintain policies and procedures for an information 
governance program, which is sponsored by the leadership 
of the organization and related to AI systems as well. 
Review and update the policies and procedures at least 
annually, or upon significant changes."
GRC-02.1,"Is a formal, documented, and leadership-sponsored AI risk management (AIRM) program that includes policies and procedures for identification, evaluation, ownership, treatment, and acceptance of risks, established and maintained?",GRC-02,Risk Management Program,"Governance, Risk and Compliance",Cloud & AI Related,"Establish and maintain a formal, documented, and leadership-sponsored AI Risk Management (AIRM) program that includes policies and  procedures for identification, evaluation, ownership, treatment, and acceptance of risks."
GRC-03.1,"Are relevant organizational policies and associated procedures reviewed at least annually or when a substantial change within the organization, occurs?",GRC-03,Organizational Policy Reviews,"Governance, Risk and Compliance",Cloud & AI Related,Review all relevant organizational policies and associated procedures at least annually or when a substantial change occurs within the organization.
GRC-04.1,"Is an approved exception process mandated by the governance program established
and followed whenever a deviation from an established policy occurs?",GRC-04,Policy Exception Process,"Governance, Risk and Compliance",Cloud & AI Related,Establish and follow an approved exception process as mandated by the governance program whenever a deviation from an established policy occurs.
GRC-05.1,Is an Information Security Program that includes programs for all the relevant domains of the AICM developed and implemented?,GRC-05,Information Security Program,"Governance, Risk and Compliance",Cloud & AI Related,"Develop and implement an Information Security Program, which includes programs for all the relevant domains of the AICM."
GRC-06.1,"Are roles and responsibilities defined and documented for planning, implementing, operating, assessing, and improving governance programs?",GRC-06,Governance Responsibility Model,"Governance, Risk and Compliance",Cloud & AI Related,"Define and document roles and responsibilities for planning, implementing, operating, assessing, and improving governance programs."
GRC-07.1,"Are all relevant standards, regulations, legal/contractual, and statutory requirements, that are applicable to 
your organization, identified and documented?",GRC-07,Information System Regulatory Mapping,"Governance, Risk and Compliance",Cloud & AI Related,"Identify and document all relevant standards, regulations, 
legal/contractual, and statutory requirements, which are 
applicable to your organization. 
Review at least annually, or upon significant changes."
GRC-07.2,"Are all relevant standards, regulations, legal/contractual and statutory requirements reviewed and updated at least annually or upon significant changes?",GRC-07,Information System Regulatory Mapping,"Governance, Risk and Compliance",Cloud & AI Related,"Identify and document all relevant standards, regulations, 
legal/contractual, and statutory requirements, which are 
applicable to your organization. 
Review at least annually, or upon significant changes."
GRC-08.1,Is contact established and maintained with related special interest groups and other relevant entities in line with business context?,GRC-08,Special Interest Groups,"Governance, Risk and Compliance",Cloud & AI Related,Establish and maintain contact with related special interest groups and other relevant entities in line with business context.
GRC-09.1,"Are policies and procedures defined, documented, and enforced for the acceptable use of AI services offered by the organization?",GRC-09,Acceptable Use of the AI Service,"Governance, Risk and Compliance",AI-Specific,"Define, document and enforce policies and procedures on the acceptable use of AI services offered by the organization. Ensure effectiveness by continuous risk assessments, reviews and human oversight."
GRC-09.2,"Is effectiveness of the acceptable use of AI services policies and procedures evaluated by continuous risk assessments, reviews, and human oversight?",GRC-09,Acceptable Use of the AI Service,"Governance, Risk and Compliance",AI-Specific,"Define, document and enforce policies and procedures on the acceptable use of AI services offered by the organization. Ensure effectiveness by continuous risk assessments, reviews and human oversight."
GRC-10.1,"Is an AI Impact Assessment process  and its criteria to regularly evaluate the ethical, societal, operational, legal, and security impacts of the AI system throughout its lifecycle, established, documented, and communicated to all relevant stakeholders?",GRC-10,AI Impact Assessment,"Governance, Risk and Compliance",AI-Specific,"Establish, document, and communicate to all relevant stakeholders an AI Impact Assessment process and its criteria to regularly evaluate the ethical, societal, operational, legal, and security impacts of the AI system throughout its lifecycle."
GRC-11.1,"Are AI systems, models, datasets & algorithms regularly evaluated for bias and fairness to ensure compliance with ethical standards?",GRC-11,Bias and Fairness Assessment,"Governance, Risk and Compliance",AI-Specific,"Regularly evaluate AI systems, models, datasets & algorithms for bias and fairness to ensure compliance with ethical standards."
GRC-12.1,"Is an ethics committee established to review AI applications, ensuring alignment with ethical standards and organizational values?",GRC-12,Ethics Committee,"Governance, Risk and Compliance",AI-Specific,"Establish an ethics committee to review AI applications, ensuring alignment with ethical standards and organizational values."
GRC-13.1,"Is the degree of explainability required for the AI Services established, documented, and communicated?",GRC-13,Explainability Requirement,"Governance, Risk and Compliance",AI-Specific,"Establish, document, and communicate the degree of explainability needed for the AI Services."
GRC-14.1,"Is the degree of explainability of the AI Services evaluated, documented, and communicated, including possible limitations and exceptions?",GRC-14,Explainability Evaluation,"Governance, Risk and Compliance",AI-Specific,"Evaluate, document, and communicate the degree of explainability of the AI Services, including possible limitations and exceptions."
GRC-15.1,"Are processes, procedures, and technical measures to ensure human oversight and control of the AI system in compliance with regulatory requirements and organizational risk management, established, executed and assessed?",GRC-15,Human supervision,"Governance, Risk and Compliance",AI-Specific,"Establish, execute, and assess processes, procedures, and technical measures to ensure human oversight and control of the AI system in compliance with regulatory requirements and organizational risk management."
HRS-01.1,"Are new employee background verification policies and procedures (including but not limited to remote employees, contractors, and third parties) established, documented, approved, communicated, applied, evaluated, and maintained?",HRS-01,Background Screening Policy and Procedures,Human Resources,Cloud & AI Related,"Establish, document, approve, communicate, apply, evaluate 
and maintain policies and procedures for background 
verification of all new employees (including but not limited 
to remote employees, contractors, and third parties) 
according to local laws, regulations, ethics, and contractual 
constraints and proportional to the data classification to be 
accessed, the business requirements, and acceptable risk. 
Review and update the policies and procedures at least 
annually, or upon significant changes."
HRS-01.2,"Are background verification policies and procedures designed according to local laws, regulations, ethics, and contractual constraints and proportional to the data classification to be accessed, business requirements, and acceptable risk?",HRS-01,Background Screening Policy and Procedures,Human Resources,Cloud & AI Related,"Establish, document, approve, communicate, apply, evaluate 
and maintain policies and procedures for background 
verification of all new employees (including but not limited 
to remote employees, contractors, and third parties) 
according to local laws, regulations, ethics, and contractual 
constraints and proportional to the data classification to be 
accessed, the business requirements, and acceptable risk. 
Review and update the policies and procedures at least 
annually, or upon significant changes."
HRS-01.3,"Are background verification policies and procedures reviewed and updated at least annually, or upon significant changes?",HRS-01,Background Screening Policy and Procedures,Human Resources,Cloud & AI Related,"Establish, document, approve, communicate, apply, evaluate 
and maintain policies and procedures for background 
verification of all new employees (including but not limited 
to remote employees, contractors, and third parties) 
according to local laws, regulations, ethics, and contractual 
constraints and proportional to the data classification to be 
accessed, the business requirements, and acceptable risk. 
Review and update the policies and procedures at least 
annually, or upon significant changes."
HRS-02.1,"Are policies and procedures for defining allowances and conditions for the  acceptable use of organizationally-owned or managed assets established, documented, approved, communicated, applied, evaluated, and maintained?",HRS-02,Acceptable Use of Technology Policy and Procedures,Human Resources,Cloud & AI Related,"Establish, document, approve, communicate, apply, evaluate 
and maintain policies and procedures for defining 
allowances and conditions for the acceptable use of 
organizationally-owned or managed assets. Review and 
update the policies and procedures at least annually, 
or upon significant changes."
HRS-02.2,"Are the policies and procedures for defining allowances and conditions for the acceptable use of organizationally-owned or managed assets, reviewed and updated at least annually, or upon significant changes?",HRS-02,Acceptable Use of Technology Policy and Procedures,Human Resources,Cloud & AI Related,"Establish, document, approve, communicate, apply, evaluate 
and maintain policies and procedures for defining 
allowances and conditions for the acceptable use of 
organizationally-owned or managed assets. Review and 
update the policies and procedures at least annually, 
or upon significant changes."
HRS-03.1,"Are policies and procedures requiring unattended workspaces to conceal confidential data established, documented, approved, communicated, applied, evaluated, and maintained?",HRS-03,Clean Desk Policy and Procedures,Human Resources,Cloud & AI Related,"Establish, document, approve, communicate, apply, evaluate 
and maintain policies and procedures that require 
unattended workspaces to not have openly visible 
confidential data. 
Review and update the policies and procedures at least 
annually, or upon significant changes."
HRS-03.2,"Are policies and procedures requiring unattended workspaces to conceal confidential data reviewed and updated at least annually, or upon significant changes?",HRS-03,Clean Desk Policy and Procedures,Human Resources,Cloud & AI Related,"Establish, document, approve, communicate, apply, evaluate 
and maintain policies and procedures that require 
unattended workspaces to not have openly visible 
confidential data. 
Review and update the policies and procedures at least 
annually, or upon significant changes."
HRS-04.1,"Are policies and procedures to protect information accessed, processed, or stored at remote sites and locations established, documented, approved, communicated, applied, evaluated, and maintained?",HRS-04,Remote and Home Working Policy and Procedures,Human Resources,Cloud & AI Related,"Establish, document, approve, communicate, apply, evaluate 
and maintain policies and procedures to protect information 
accessed, processed or stored at remote sites and locations. 
Review and update the policies and procedures at least 
annually, or upon significant changes."
HRS-04.2,"Are policies and procedures to protect information accessed, processed, or stored at remote sites and locations reviewed and updated at least annually, or upon significant changes?",HRS-04,Remote and Home Working Policy and Procedures,Human Resources,Cloud & AI Related,"Establish, document, approve, communicate, apply, evaluate 
and maintain policies and procedures to protect information 
accessed, processed or stored at remote sites and locations. 
Review and update the policies and procedures at least 
annually, or upon significant changes."
HRS-05.1,"Are return procedures of organization-owned assets by terminated employees, contractors and third-parties, established and documented?",HRS-05,Asset returns,Human Resources,Cloud & AI Related,"Establish and document procedures for the return of 
organization-owned assets by terminated employees, 
contractors and third parties."
HRS-06.1,"Are procedures outlining the roles and responsibilities concerning changes in employment established, documented, and communicated to all relevant personnel?",HRS-06,Employment Termination,Human Resources,Cloud & AI Related,"Establish, document, and communicate to all relevant 
personnel the procedures outlining the roles and 
responsibilities concerning changes in employment."
HRS-07.1,"Are employees required to sign an employment agreement before gaining access to organizational information systems, resources, and assets?",HRS-07,Employment Agreement Process,Human Resources,Cloud & AI Related,"Employees sign the employee agreement prior to being granted access to organizational information systems, resources and assets."
HRS-08.1,Are provisions and/or terms for adherence to established information governance and security policies included within employment agreements?,HRS-08,Employment Agreement Content,Human Resources,Cloud & AI Related,The organization includes within the employment agreements provisions and/or terms for adherence to established information governance and security policies.
HRS-09.1,"Are employee roles and responsibilities relating to information assets' security and privacy established, documented and communicated?",HRS-09,Personnel Roles and Responsibilities,Human Resources,Cloud & AI Related,"Establish, document and communicate 
roles and responsibilities of employees, as 
they relate to information assets' security 
and privacy."
HRS-10.1,"Are requirements for non-disclosure/confidentiality agreements reflecting organizational data protection needs and operational details identified, documented, and reviewed at planned intervals?",HRS-10,Non-Disclosure Agreements,Human Resources,Cloud & AI Related,"Identify, document, and review, at planned intervals, requirements for non-disclosure/confidentiality agreements reflecting the organization's needs for the protection of data and operational details."
HRS-11.1,"Is a security awareness training program for all employees of the organization established, documented, approved, communicated, applied, evaluated and maintained?",HRS-11,Security Awareness Training,Human Resources,Cloud & AI Related,"Establish, document, approve, communicate, apply, evaluate and maintain a security awareness training program for all employees of the organization and provide regular training updates."
HRS-11.2,Are regular security awareness training updates provided?,HRS-11,Security Awareness Training,Human Resources,Cloud & AI Related,"Establish, document, approve, communicate, apply, evaluate and maintain a security awareness training program for all employees of the organization and provide regular training updates."
HRS-12.1,"Are employees with access to sensitive organizational and personal data, provided with appropriate security awareness training and regular updates in organizational procedures, processes, and policies, relating to their professional function relative to the organization?",HRS-12,Personal and Sensitive Data Awareness and Training,Human Resources,Cloud & AI Related,"Provide employees with access to sensitive organizational and personal data with appropriate security awareness training and regular  updates in organizational procedures, processes, and policies relating  to their professional function relative to the organization."
HRS-13.1,"Are employees notified of their roles and responsibilities to maintain awareness and compliance with established policies, 
procedures, and applicable legal, statutory, or regulatory compliance obligations?",HRS-13,Compliance User Responsibility,Human Resources,Cloud & AI Related,"Make employees aware of their roles and responsibilities for maintaining awareness and compliance with established policies and procedures and applicable legal, statutory, or regulatory compliance obligations."
HRS-14.1,"Are the policies and procedures defining the AI training program for all relevant personnel of the organization established, documented, approved, communicated, applied, evaluated, and maintained?",HRS-14,AI Competency Training,Human Resources,AI-Specific,"Establish, document, approve, communicate, apply, evaluate and maintain policies and procedures defining the AI training program for all relevant personnel of the organization based on their roles and provide regular training updates."
HRS-14.2,Are regular training updates given to personnel based on their roles?,HRS-14,AI Competency Training,Human Resources,AI-Specific,"Establish, document, approve, communicate, apply, evaluate and maintain policies and procedures defining the AI training program for all relevant personnel of the organization based on their roles and provide regular training updates."
HRS-15.1,"Are the policies and procedures on the acceptable use of AI technologies within the organization established, documented, and communicated to all personnel?",HRS-15,AI Acceptable Use,Human Resources,AI-Specific,"Establish, document, and communicate to all personnel the policies and procedures on the acceptable use of AI technologies within the organization."
IAM-01.1,"Are Identity and Access Management policies and procedures established, documented, approved, communicated, implemented, applied, evaluated, and maintained for identity and access management?",IAM-01,Identity and Access Management Policy and Procedures,Identity & Access Management,Cloud & AI Related,"Establish, document, approve, communicate, implement, apply, evaluate and maintain policies and procedures for identity and access management. Review and update the policies and procedures at least annually, or upon significant changes."
IAM-01.2,"Are Identity and Access Management Policies and Procedures reviewed and updated at least annually, or upon significant changes?",IAM-01,Identity and Access Management Policy and Procedures,Identity & Access Management,Cloud & AI Related,"Establish, document, approve, communicate, implement, apply, evaluate and maintain policies and procedures for identity and access management. Review and update the policies and procedures at least annually, or upon significant changes."
IAM-02.1,"Are policies and procedures for the management of authentication credentials including passwords, established, documented, approved, communicated, implemented, applied, evaluated, and maintained?",IAM-02,Credentials Management Policy and Procedures,Identity & Access Management,Cloud & AI Related,"Establish, document, approve, communicate, implement, 
apply, evaluate and maintain policies and procedures for the 
management of authentication credentials, including 
passwords. 
Review and update the policies and procedures at least 
annually, or upon significant changes."
IAM-02.2,"Are policies and procedures for the management of authentication credentials, including passwords, reviewed and updated at least annually, or upon significant changes?",IAM-02,Credentials Management Policy and Procedures,Identity & Access Management,Cloud & AI Related,"Establish, document, approve, communicate, implement, 
apply, evaluate and maintain policies and procedures for the 
management of authentication credentials, including 
passwords. 
Review and update the policies and procedures at least 
annually, or upon significant changes."
IAM-03.1,"Is the inventory of identities managed, stored and regularly reviewed, and is their level of access monitored?",IAM-03,Identity Inventory,Identity & Access Management,Cloud & AI Related,"Manage, store, and regularly review the inventory of identities, and monitor their level of access."
IAM-04.1,Are separation of duties principles employed when implementing information system access?,IAM-04,Separation of Duties,Identity & Access Management,Cloud & AI Related,Employ the separation of duties principle when implementing information system access.
IAM-05.1,Are least privilege principles employed when implementing information system access?,IAM-05,Least Privilege,Identity & Access Management,Cloud & AI Related,Employ the least privilege principle when implementing information system access.
IAM-06.1,"Is an identity access provisioning process which authorizes, records, and communicates access changes to data and assets, defined and implemented?",IAM-06,Access Provisioning,Identity & Access Management,Cloud & AI Related,"Define and implement an identity access provisioning process which  authorizes, records, and communicates access changes to data and assets."
IAM-07.1,"Is identity access de-provisioned or modified, in a timely manner?",IAM-07,Access Changes and Revocation,Identity & Access Management,Cloud & AI Related,De-provision or modify identity access in a timely manner.
IAM-08.1,Is identity access for least privilege and separation of duties reviewed and revalidated with a frequency commensurated with organizational risk tolerance and at least annually or upon significant changes?,IAM-08,Access Review,Identity & Access Management,Cloud & AI Related,"Review and revalidate identity access for least privilege and 
separation of duties with a frequency that is commensurated 
with organizational risk tolerance and at least annually, or 
upon significant changes."
IAM-09.1,"Are processes, procedures, and technical measures for the segregation of privileged access roles, defined, implemented, and evaluated?",IAM-09,Segregation of Privileged Access Roles,Identity & Access Management,Cloud & AI Related,"Define, implement and evaluate processes, procedures and technical measures for the segregation of privileged access roles."
IAM-10.1,Is an access process defined and implemented to ensure privileged access roles and rights are granted for a time-limited period?,IAM-10,Management of Privileged Access Roles,Identity & Access Management,Cloud & AI Related,"Define and implement an access process to ensure privileged access roles and rights are granted for a time limited period, and implement procedures to prevent the accumulation of segregated privileged access."
IAM-10.2,Are procedures implemented to prevent the accumulation of segregated privileged access?,IAM-10,Management of Privileged Access Roles,Identity & Access Management,Cloud & AI Related,"Define and implement an access process to ensure privileged access roles and rights are granted for a time limited period, and implement procedures to prevent the accumulation of segregated privileged access."
IAM-11.1,"Are processes and procedures for service customers to participate, where applicable, in granting access for agreed high-risk (as defined by the organizational risk assessment) privileged access roles, defined, implemented, and evaluated?",IAM-11,Service Customers' Approval for Agreed Privileged Access Roles,Identity & Access Management,Cloud & AI Related,"Define, implement and evaluate processes and procedures 
for service customers to participate, where applicable, in 
the granting of access for agreed, high risk (as defined by 
the organizational risk assessment) privileged access roles."
IAM-12.1,"Are processes, procedures, and technical measures, that ensure identities’ activities are identifiable through uniquely associated IDs, defined, implemented, and evaluated?",IAM-12,Unique Identities,Identity & Access Management,Cloud & AI Related,"Define, implement and evaluate processes, procedures and technical measures, that ensure identities’ activities are identifiable through uniquely associated IDs."
IAM-13.1,"Are processes, procedures, and technical measures defined, implemented, and evaluated for authenticating access to systems, applications, and data assets, including multifactor authentication for at least privileged user and sensitive data access?",IAM-13,Strong Authentication,Identity & Access Management,Cloud & AI Related,"Define, implement and evaluate processes, procedures and technical measures for authenticating access to systems, application and data assets, including multifactor authentication for at least privileged user and sensitive data access. Adopt digital certificates or alternatives which achieve an equivalent level of security for system identities."
IAM-13.2,Are digital certificates or alternatives adopted that achieve an equivalent level of security for system identities?,IAM-13,Strong Authentication,Identity & Access Management,Cloud & AI Related,"Define, implement and evaluate processes, procedures and technical measures for authenticating access to systems, application and data assets, including multifactor authentication for at least privileged user and sensitive data access. Adopt digital certificates or alternatives which achieve an equivalent level of security for system identities."
IAM-14.1,"Are processes, procedures, and technical measures for the secure management of authentication credentials, including passwords, defined, implemented, and evaluated?",IAM-14,Credentials Management,Identity & Access Management,Cloud & AI Related,"Define, implement and evaluate processes, procedures and technical measures for the secure management of authentication credentials, including passwords."
IAM-15.1,"Are processes, procedures, and technical measures defined, implemented, and evaluated to verify access to data and system functions are authorized?",IAM-15,Authorization Mechanisms,Identity & Access Management,Cloud & AI Related,"Define, implement and evaluate processes, procedures and technical measures to verify access to data and system functions is authorized."
IAM-16.1,"Are policies and procedures defined for ""need to know"" access to knowledge, information and data within the organization and in the context of the AI system to be applied when regulating access to resources?",IAM-16,Knowledge Access Control - Need to Know,Identity & Access Management,Cloud & AI Related,"Define policy and procedure for ""need to know"" access to knowledge, information and data within the organization and in the context of the AI system to be applied when regulating access to resources."
IAM-17.1,Are roles for access when allowing model output modification of AI-generated output established to ensure changes are made only by authorized identities?,IAM-17,Output Modification and Special Authorization,Identity & Access Management,AI-Specific,"When allowing model output modification of AI generated output, establish a role for this access and allow changes only by authorized identities."
IAM-18.1,"Are agents' access to the tools and plugins necessary for the activity or use case at hand, restricted to ensure adherence to the principles of need-to-know and least privilege?",IAM-18,Agent Access Restriction,Identity & Access Management,Cloud & AI Related,"Restrict agents' access to the tools and plugins necessary for the activity or use case at hand, ensuring adherence to the principles of need-to-know and least privilege."
IPY-01.1,"Are interoperability and portability policies and procedures established, documented, approved, communicated, evaluated, and maintained, including requirements for:

a. Communications between application interfaces
b. Information processing interoperability
c. Application development portability
d. Information/Data exchange, usage, portability, integrity, and persistence?",IPY-01,Interoperability and Portability Policy and Procedures,Interoperability & Portability,Cloud & AI Related,"Establish, document, approve, communicate, apply, evaluate and maintain policies and procedures for interoperability and portability including requirements for: a. Communications between application interfaces b. Information processing interoperability c. Application development portability d. Information/Data exchange, usage, portability, integrity, and persistence Review and update the policies and procedures at least annually or upon significant changes."
IPY-01.2,Are interoperability and portability policies and procedures reviewed and updated at least annually or upon significant changes?,IPY-01,Interoperability and Portability Policy and Procedures,Interoperability & Portability,Cloud & AI Related,"Establish, document, approve, communicate, apply, evaluate and maintain policies and procedures for interoperability and portability including requirements for: a. Communications between application interfaces b. Information processing interoperability c. Application development portability d. Information/Data exchange, usage, portability, integrity, and persistence Review and update the policies and procedures at least annually or upon significant changes."
IPY-02.1,Are application interface(s) to service customers provided so that they programmatically retrieve their data to enable interoperability and portability?,IPY-02,Application Interface Availability,Interoperability & Portability,Cloud & AI Related,"Provide application interface(s) to service 
customers so that they programmatically 
retrieve their data to enable interoperability 
and portability."
IPY-03.1,"Are cryptographically secure network protocols implemented for the management, import, and export of data, according to industry standards?",IPY-03,Secure Interoperability and Portability Management,Interoperability & Portability,Cloud & AI Related,"Implement cryptographically secure network 
protocols for the management, import and 
export of data, according to industry 
standards."
IPY-04.1,"Are agreements including provisions specifying service customers' access to data upon contract termination, including:
a. Data format
b. Length of time the data will be stored
c. Scope of the data retained and made available to the service customers
d. Data deletion policy?",IPY-04,Data Portability Contractual Obligations,Interoperability & Portability,Cloud-Specific,"Agreements must include provisions 
specifying service customers' access to 
data upon contract termination and will 
include:
a. Data format
b. Length of time the data will be stored
c. Scope of the data retained and made 
available to the service customers
d. Data deletion policy"
I&S-01.1,"Has the organization established, documented, approved, communicated, applied, evaluated, and maintained policies and procedures for infrastructure and virtualization security?",I&S-01,Infrastructure and Virtualization Security Policy and Procedures,Infrastructure Security,Cloud & AI Related,"Establish, document, approve, communicate, apply, evaluate and maintain policies and procedures for infrastructure and virtualization security. Review and update the policies and procedures at least annually,  or upon significant changes."
I&S-01.2,"Are these policies and procedures reviewed and updated at least annually, or upon significant changes?",I&S-01,Infrastructure and Virtualization Security Policy and Procedures,Infrastructure Security,Cloud & AI Related,"Establish, document, approve, communicate, apply, evaluate and maintain policies and procedures for infrastructure and virtualization security. Review and update the policies and procedures at least annually,  or upon significant changes."
I&S-02.1,"Are availability, quality and the adequate capacity of resources, being planned and monitored in order to deliver the required system performance as determined by the business?",I&S-02,Capacity and Resource Planning,Infrastructure Security,Cloud & AI Related,"Plan and monitor the availability, quality, and adequate capacity of resources in order to deliver the required system performance as determined by the business."
I&S-03.1,"Are communications between environments, services, and applications being monitored, encrypted, and 
restricted to only authenticated and authorized connections, as justified by the business?",I&S-03,Network Security,Infrastructure Security,Cloud & AI Related,"Monitor, encrypt and restrict communications between environments, services, and applications to only authenticated and authorized connections, as justified by the 
business.
Review these configurations at least annually, and support them by a documented justification of all allowed services, protocols, ports, and compensating controls."
I&S-03.2,"Are these configurations reviewed at least annually and supported by a documented justification of all 
allowed services, protocols, ports, and compensating controls?",I&S-03,Network Security,Infrastructure Security,Cloud & AI Related,"Monitor, encrypt and restrict communications between environments, services, and applications to only authenticated and authorized connections, as justified by the 
business.
Review these configurations at least annually, and support them by a documented justification of all allowed services, protocols, ports, and compensating controls."
I&S-04.1,"Are the host and guest OS, hypervisor, or infrastructure control plane, being hardened according to their respective best practices and supported by technical controls as part of a security baseline?",I&S-04,OS Hardening and Base Controls,Infrastructure Security,Cloud & AI Related,"Harden host and guest OS, hypervisor or infrastructure control plane, according to their respective best practices, and supported by  technical controls, as part of a security baseline."
I&S-05.1,"Are production and non-production environments separated, to reduce the risk of sensitive production data being used in non-production environments?",I&S-05,Production and Non-Production Environments,Infrastructure Security,Cloud & AI Related,Separate production and non-production environments to reduce the risk of sensitive production data being used in non-production environments. Production data is sanitized or protected before any authorized non-production use.
I&S-05.2,Is production data sanitized or protected before any authorized non-production use?,I&S-05,Production and Non-Production Environments,Infrastructure Security,Cloud & AI Related,Separate production and non-production environments to reduce the risk of sensitive production data being used in non-production environments. Production data is sanitized or protected before any authorized non-production use.
I&S-06.1,"Are applications and infrastructures designed, developed, deployed and configured such that service 
customer (tenant) access is appropriately segmented, segregated, monitored, and restricted from other 
tenants?",I&S-06,Segmentation and Segregation,Infrastructure Security,Cloud & AI Related,"Design, develop, deploy and configure applications and 
infrastructures such that service customer (tenant) access 
is appropriately segmented and segregated, monitored and 
restricted."
I&S-07.1,"Are secure and encrypted communication channels used when migrating servers, services, applications or data to hosted environments?",I&S-07,Migration to Hosted Environments,Infrastructure Security,Cloud & AI Related,"Use secure and encrypted communication channels when migrating  servers, services, applications, or data to hosted environments.  Such channels must include only up-to-date and approved protocols."
I&S-07.2,Are such channels including only up-to-date and approved protocols?,I&S-07,Migration to Hosted Environments,Infrastructure Security,Cloud & AI Related,"Use secure and encrypted communication channels when migrating  servers, services, applications, or data to hosted environments.  Such channels must include only up-to-date and approved protocols."
I&S-08.1,"Are high-risk environments based on data sensitivity, threat exposure, and business impact identified and documented?",I&S-08,Network Architecture Documentation,Infrastructure Security,Cloud & AI Related,"Identify and document high-risk environments based on data sensitivity, threat exposure, and business impact."
I&S-09.1,"Are processes, procedures, and defense-in-depth techniques for the protection, detection, and timely response to network-based attacks, defined, implemented and evaluated?",I&S-09,Network Defense,Infrastructure Security,Cloud & AI Related,"Define, implement and evaluate processes, procedures and  defense-in-depth techniques for protection, detection, and timely  response to network-based attacks."
LOG-01.1,"Are logging and monitoring policies and procedures established, documented, approved, communicated, applied, evaluated, and maintained?",LOG-01,Logging and Monitoring Policy and Procedures,Logging and Monitoring,Cloud & AI Related,"Establish, document, approve, communicate, apply, evaluate and  maintain policies and procedures for logging and monitoring. Review  and update the policies and procedures at least annually, or upon significant changes."
LOG-01.2,"Are policies and procedures reviewed, approved and updated at least annually, or upon significant changes?",LOG-01,Logging and Monitoring Policy and Procedures,Logging and Monitoring,Cloud & AI Related,"Establish, document, approve, communicate, apply, evaluate and  maintain policies and procedures for logging and monitoring. Review  and update the policies and procedures at least annually, or upon significant changes."
LOG-02.1,"Are processes, procedures, and technical measures defined, implemented, and evaluated to ensure audit log security and retention?",LOG-02,Audit Logs Protection,Logging and Monitoring,Cloud & AI Related,"Define, implement and evaluate processes, procedures and technical measures to ensure the security and retention of audit logs."
LOG-03.1,"Are security-related events within applications and the underlying 
infrastructure, identified and monitored?",LOG-03,Security Monitoring and Alerting,Logging and Monitoring,Cloud & AI Related,"Identify and monitor security-related events within 
applications and the underlying infrastructure. Define and 
implement a system to generate alerts to responsible 
stakeholders based on such events and corresponding 
metrics."
LOG-03.2,"Is a system to generate alerts to responsible stakeholders based on security events and their corresponding metrics, defined and implemented?",LOG-03,Security Monitoring and Alerting,Logging and Monitoring,Cloud & AI Related,"Identify and monitor security-related events within 
applications and the underlying infrastructure. Define and 
implement a system to generate alerts to responsible 
stakeholders based on such events and corresponding 
metrics."
LOG-04.1,"Is audit log access restricted to authorized identities, and are records of that access maintained?",LOG-04,Audit Logs Access and Accountability,Logging and Monitoring,Cloud & AI Related,Restrict audit log access to authorized identities and maintain records of that access.
LOG-05.1,"Are capabilities to correlate and monitor security audit logs for 
the detection of suspicious or anomalous activity that deviates 
from typical or expected patterns implemented and maintained?",LOG-05,Audit Logs Monitoring and Response,Logging and Monitoring,Cloud & AI Related,Implement and maintain capabilities to correlate and monitor security audit logs for the detection of suspicious or anomalous activity that deviates from typical or expected patterns. Establish and follow a defined process to review and take appropriate and timely actions on detected anomalies.
LOG-05.2,"Is a process, on reviewing and taking appropriate and timely 
actions on detected anomalies, defined, established and followed?",LOG-05,Audit Logs Monitoring and Response,Logging and Monitoring,Cloud & AI Related,Implement and maintain capabilities to correlate and monitor security audit logs for the detection of suspicious or anomalous activity that deviates from typical or expected patterns. Establish and follow a defined process to review and take appropriate and timely actions on detected anomalies.
LOG-06.1,Is a reliable time source being used across all relevant information processing systems?,LOG-06,Clock Synchronization,Logging and Monitoring,Cloud & AI Related,Use a reliable time source across all relevant information processing systems.
LOG-07.1,"Are information metadata system events that should be logged, 
established, documented, and implemented?",LOG-07,Logging Scope,Logging and Monitoring,Cloud & AI Related,"Establish, document and implement which information meta/data system events should be logged. Review and update the scope at least annually or whenever there is a change in the threat environment, and as per relevant regulatory requirements."
LOG-07.2,"Is the scope reviewed and updated at least annually, or whenever 
there is a change in the threat environment, and as per relevant 
regulatory requirements?",LOG-07,Logging Scope,Logging and Monitoring,Cloud & AI Related,"Establish, document and implement which information meta/data system events should be logged. Review and update the scope at least annually or whenever there is a change in the threat environment, and as per relevant regulatory requirements."
LOG-08.1,"Are technical measures for service customers to detect and 
scrub or tokenize sensitive data from logs to prevent unauthorized 
exposure, as per applicable laws and regulations defined, 
implemented and evaluated?",LOG-08,Audit Logs Sanitization,Logging and Monitoring,Cloud & AI Related,"Define, implement and evaluate technical measures for service customers to detect and scrub or tokenize sensitive data from logs to prevent unauthorized exposure, as per applicable laws and regulations."
LOG-09.1,"Are audit records generated, and do they contain relevant security information?",LOG-09,Log Records,Logging and Monitoring,Cloud & AI Related,Generate audit records containing relevant security information.
LOG-10.1,"Are the audit records protected from unauthorized access, modification, and deletion?",LOG-10,Audit Records Protection,Logging and Monitoring,Cloud & AI Related,"Protect audit records from unauthorized access, modification, and  deletion."
LOG-11.1,"Are monitoring and internal reporting capabilities established to report on  cryptographic operations, encryption, and key management policies, processes,  procedures, and controls?",LOG-11,Encryption Monitoring and Reporting,Logging and Monitoring,Cloud & AI Related,"Establish and maintain a monitoring and internal reporting capability over the operations of cryptographic, encryption and key management  policies, processes, procedures, and controls."
LOG-12.1,Are key lifecycle management events logged and monitored to enable auditing and reporting on cryptographic keys' usage?,LOG-12,Transaction/Activity Logging,Logging and Monitoring,Cloud & AI Related,Log and monitor key lifecycle management events to enable auditing and reporting on usage of cryptographic keys.
LOG-13.1,Is physical access logged and monitored using an auditable access control system?,LOG-13,Access Control Logs,Logging and Monitoring,Cloud-Specific,Monitor and log physical access using an auditable access  control system.
LOG-14.1,"Are processes and technical measures for reporting monitoring system anomalies and failures defined, implemented, and evaluated?",LOG-14,Failures and Anomalies Reporting,Logging and Monitoring,Cloud & AI Related,"Define, implement and evaluate processes, procedures and technical measures for the reporting of anomalies and failures of the monitoring  system and provide immediate notification to the accountable party."
LOG-14.2,Are accountable parties immediately notified about anomalies and failures?,LOG-14,Failures and Anomalies Reporting,Logging and Monitoring,Cloud & AI Related,"Define, implement and evaluate processes, procedures and technical measures for the reporting of anomalies and failures of the monitoring  system and provide immediate notification to the accountable party."
LOG-15.1,Are all input events (content and metadata) logged and monitored to enable auditing and reporting on the usage of AI models?,LOG-15,Input Monitoring,Logging and Monitoring,AI-Specific,Log and monitor all input events (content and metadata) to enable auditing and reporting on the usage of AI models.
LOG-16.1,Are all output events (content and metadata) logged and monitored to enable auditing and reporting on the usage of AI models?,LOG-16,Output Monitoring,Logging and Monitoring,AI-Specific,Log and monitor all output events (content and metadata) to enable auditing and reporting on the usage of AI models.
MDS-01.1,"Are processes, procedures, and technical measures defined, implemented, and evaluated to ensure the security of the Training Pipeline?",MDS-01,Training Pipeline Security,Model Security,Cloud & AI Related,"Define, implement, and evaluate policies, procedures, and technical measures that ensure the security of the Training Pipeline. Regularly review and update policies, procedures and technical measures to address new security threats and best practices."
MDS-01.2,"Are policies, procedures and technical measures to address new security threats and best practices regularly reviewed and updated?",MDS-01,Training Pipeline Security,Model Security,Cloud & AI Related,"Define, implement, and evaluate policies, procedures, and technical measures that ensure the security of the Training Pipeline. Regularly review and update policies, procedures and technical measures to address new security threats and best practices."
MDS-02.1,"Are processes, procedures, and technical measures defined, implemented, and evaluated for the periodic scanning of model artifacts for vulnerabilities and attacks at each step of the service lifecycle and at each handover point?",MDS-02,Model Artifact Scanning,Model Security,AI-Specific,"Define, implement, and evaluate policies, procedures, and technical measures for the scanning of model artifacts for vulnerabilities and attacks, at each step of the service lifecycle and at each hand over point. Regularly review and update policies, procedures and technical measures to address model artifact scanning."
MDS-02.2,"Are policies, procedures and technical measures to address model artifact scanning regularly reviewed and updated?",MDS-02,Model Artifact Scanning,Model Security,AI-Specific,"Define, implement, and evaluate policies, procedures, and technical measures for the scanning of model artifacts for vulnerabilities and attacks, at each step of the service lifecycle and at each hand over point. Regularly review and update policies, procedures and technical measures to address model artifact scanning."
MDS-03.1,"Are processes and procedures defined, implemented, enforced, and evaluated for documenting, approving, communicating, evaluating, and maintaining model documentation?",MDS-03,Model Documentation,Model Security,AI-Specific,"Define, implement, enforce, approve, document, communicate, maintain and evaluate processes and procedures for model documentation. Regularly review and update the model documentation."
MDS-03.2,Is the model documentation regularly reviewed and updated?,MDS-03,Model Documentation,Model Security,AI-Specific,"Define, implement, enforce, approve, document, communicate, maintain and evaluate processes and procedures for model documentation. Regularly review and update the model documentation."
MDS-04.1,Are baseline requirements for Model documentation established and implemented?,MDS-04,Model Documentation Requirements,Model Security,AI-Specific,Establish and implement baseline requirements for Model documentation.
MDS-05.1,"Are processes, procedures, and technical measures defined, implemented, and evaluated for the validation of the model documentation aligned with the current model?",MDS-05,Model Documentation Validation,Model Security,AI-Specific,"Define, implement, and evaluate processes, procedures, and technical measures for the validation of the Model documentation aligned with the current model."
MDS-06.1,"Are processes and technical measures defined, implemented, and evaluated to regularly assess adversarial threats specific to each AI model?",MDS-06,Adversarial Attack Analysis,Model Security,AI-Specific,"Define, implement, and evaluate processes and technical measures to assess adversarial threats specific to each AI model."
MDS-07.1,"Are processes, procedures, and technical measures defined, implemented, and evaluated for Model Hardening to mitigate relevant adversarial attacks as identified in the Threat Analysis and Adversarial Threat Analysis?",MDS-07,Robustness against Adversarial Attack / Model Hardening,Model Security,AI-Specific,"Define, implement, and evaluate processes, procedures, and technical measures for Model Hardening to mitigate relevant adversarial attacks as identified in the Threat Analysis and Adversarial Threat Analysis."
MDS-08.1,Are checksums regularly calculated and compared using cryptographic hashes of model checkpoints to detect unauthorized modifications?,MDS-08,Model Integrity Checks,Model Security,AI-Specific,"Regularly calculate and compare checksums using cryptographic hashes of model checkpoints to detect unauthorized modifications. Apply at least annually based on the level of risk, or after any change of hands."
MDS-08.2,"Are these measures applied at least annually based on the level of risk, or after any change of hands?",MDS-08,Model Integrity Checks,Model Security,AI-Specific,"Regularly calculate and compare checksums using cryptographic hashes of model checkpoints to detect unauthorized modifications. Apply at least annually based on the level of risk, or after any change of hands."
MDS-09.1,Are models signed cryptographically and are signatures verified to ensure model provenance and ownership any time the model changes hands or is loaded from storage?,MDS-09,Model Signing/Ownership Verification,Model Security,Cloud & AI Related,"Sign models cryptographically and verify signatures to ensure model provenance and ownership, any time the model changes hands or is loaded from storage."
MDS-10.1,"Are processes, procedures, and technical measures defined, implemented, and evaluated for continuous monitoring of model performance metrics over time to identify sudden shifts or unexpected changes in predictions that could degrade model performance?",MDS-10,Model Continuous Monitoring,Model Security,Cloud & AI Related,"Define, implement, and evaluate processes, procedures, and technical measures for continuous monitoring of model performance metrics over time to identify sudden shifts or unexpected changes in predictions that could degrade model performance."
MDS-11.1,Is a risk-based evaluation of the model and model serving infrastructure for model failure performed?,MDS-11,Model Failure,Model Security,AI-Specific,"Perform a risk-based evaluation of the model and model serving infrastructure for model failure. Define and implement measures to mitigate model and model serving infrastructure failures, and regularly evaluate throughout the AI system's lifecycle."
MDS-11.2,"Are measures defined and implemented to mitigate model and model serving infrastructure failures, and are they regularly evaluated throughout the AI system's lifecycle?",MDS-11,Model Failure,Model Security,AI-Specific,"Perform a risk-based evaluation of the model and model serving infrastructure for model failure. Define and implement measures to mitigate model and model serving infrastructure failures, and regularly evaluate throughout the AI system's lifecycle."
MDS-12.1,Are processes established to evaluate the risk associated with open models?,MDS-12,Open Model Risk Assessment,Model Security,AI-Specific,"Establish a process to evaluate risk associated with open models. Periodically review these risk factors, and implement a process to monitor and mitigate any determined vulnerabilities."
MDS-12.2,"Are risk factors periodically reviewed, and is a process implemented to monitor and mitigate any determined vulnerabilities?",MDS-12,Open Model Risk Assessment,Model Security,AI-Specific,"Establish a process to evaluate risk associated with open models. Periodically review these risk factors, and implement a process to monitor and mitigate any determined vulnerabilities."
MDS-13.1,Are secure model formats and processes for AI model serialization adopted where applicable?,MDS-13,Secure Model Format,Model Security,Cloud & AI Related,Adopt secure model formats and processes for AI model serialization where applicable.
SEF-01.1,"Are policies and procedures established, documented, approved, communicated, applied, evaluated, and maintained for Security Incident Management, E-Discovery, and Forensics?",SEF-01,Security Incident Management Policy and Procedures,"Security Incident Management, E-Discovery, & Cloud Forensics",Cloud & AI Related,"Establish, document, approve, communicate, apply, evaluate and maintain policies and procedures for Security Incident Management, E-Discovery,  and Forensics. Review and update the policies and procedures at least annually, or upon significant changes."
SEF-01.2,"Are policies and procedures for Security Incident Management, E-Discovery, and Forensics reviewed and updated at least annually, or upon significant changes?",SEF-01,Security Incident Management Policy and Procedures,"Security Incident Management, E-Discovery, & Cloud Forensics",Cloud & AI Related,"Establish, document, approve, communicate, apply, evaluate and maintain policies and procedures for Security Incident Management, E-Discovery,  and Forensics. Review and update the policies and procedures at least annually, or upon significant changes."
SEF-02.1,"Are Service Management Policies and Procedures established, documented, approved, communicated, applied, evaluated, and maintained for the timely management of security incidents?",SEF-02,Service Management Policy and Procedures,"Security Incident Management, E-Discovery, & Cloud Forensics",Cloud & AI Related,"Establish, document, approve, communicate, apply, evaluate and  maintain policies and procedures for the timely management of  security incidents. Review and update the policies and procedures at  least annually, or upon significant  changes."
SEF-02.2,"Are Service Management Policies and Procedures reviewed and updated at least annually, or upon significant  changes?",SEF-02,Service Management Policy and Procedures,"Security Incident Management, E-Discovery, & Cloud Forensics",Cloud & AI Related,"Establish, document, approve, communicate, apply, evaluate and  maintain policies and procedures for the timely management of  security incidents. Review and update the policies and procedures at  least annually, or upon significant  changes."
SEF-03.1,"Is a security incident response plan established, documented, 
approved, communicated, applied, evaluated, and maintained to 
include, but not be limited to: a communication strategy for 
notifying relevant internal departments, impacted service 
customers, and other business critical relationships 
(such as supply-chain) that may be impacted?",SEF-03,Incident Response Plans,"Security Incident Management, E-Discovery, & Cloud Forensics",Cloud & AI Related,"Establish, document, approve, communicate, apply, evaluate and maintain a security incident response plan, which includes but is not limited to: a communication strategy for notifying relevant internal departments, impacted service customers, and other business critical relationships (such as supply-chain) that may be impacted."
SEF-04.1,Are the incident response plans exercised at planned intervals or upon significant changes?,SEF-04,Incident Response Testing,"Security Incident Management, E-Discovery, & Cloud Forensics",Cloud & AI Related,Exercise the incident response plans at planned intervals or upon significant changes.
SEF-05.1,"Are information security incident metrics established, monitored and reported?",SEF-05,Incident Response Metrics,"Security Incident Management, E-Discovery, & Cloud Forensics",Cloud & AI Related,"Establish, monitor and report information security incident metrics."
SEF-06.1,"Are security-related event triage processes, procedures and technical measures supporting business processes, defined, implemented and evaluated?
Alternative formulation: Are processes procedures and technical measures supporting business processes to triage security-related events, defined, implemented and evaluated?",SEF-06,Event Triage Processes,"Security Incident Management, E-Discovery, & Cloud Forensics",Cloud & AI Related,"Define, implement and evaluate processes, procedures and technical measures supporting business processes to triage security-related events."
SEF-07.1,"Are processes, procedures and technical measures for timely and 
effective response to security incidents in accordance with incident 
categories and severity levels defined, implemented and evaluated?",SEF-07,Incident Management and Response,"Security Incident Management, E-Discovery, & Cloud Forensics",Cloud & AI Related,"Define, implement and evaluate processes, procedures and technical measures for timely and effective response to security incidents in accordance with incident categories and severity levels. Review, update, and test processes and procedures at least annually."
SEF-07.2,"Are the test processes and procedures reviewed and 
updated at least annually?",SEF-07,Incident Management and Response,"Security Incident Management, E-Discovery, & Cloud Forensics",Cloud & AI Related,"Define, implement and evaluate processes, procedures and technical measures for timely and effective response to security incidents in accordance with incident categories and severity levels. Review, update, and test processes and procedures at least annually."
SEF-08.1,"Are processes, procedures and technical measures for security 
breach notifications defined and implemented?",SEF-08,Security Breach Notification,"Security Incident Management, E-Discovery, & Cloud Forensics",Cloud & AI Related,"Define and implement processes, procedures and technical 
measures for security breach notifications. Report material 
security breaches including any relevant supply chain 
breaches, as per applicable SLAs, laws and regulations."
SEF-08.2,"Are material security breaches including any relevant supply chain 
breaches, as per applicable SLAs, laws and regulations reported?",SEF-08,Security Breach Notification,"Security Incident Management, E-Discovery, & Cloud Forensics",Cloud & AI Related,"Define and implement processes, procedures and technical 
measures for security breach notifications. Report material 
security breaches including any relevant supply chain 
breaches, as per applicable SLAs, laws and regulations."
SEF-09.1,"Is a secure repository of security incident records established and 
maintained?",SEF-09,Incident Records Management,"Security Incident Management, E-Discovery, & Cloud Forensics",Cloud & AI Related,"Establish and maintain a secure repository of security incident records. Regularly review the incident records to identify patterns, root causes, and systemic vulnerabilities, and implement relevant corrective measures."
SEF-09.2,"Are the incident records regularly reviewed to identify patterns, root 
causes, and systemic vulnerabilities, and implement relevant 
corrective measures?",SEF-09,Incident Records Management,"Security Incident Management, E-Discovery, & Cloud Forensics",Cloud & AI Related,"Establish and maintain a secure repository of security incident records. Regularly review the incident records to identify patterns, root causes, and systemic vulnerabilities, and implement relevant corrective measures."
SEF-10.1,"Are points of contact maintained for applicable regulation authorities, 
national and local law enforcement, and other legal jurisdictional 
authorities?",SEF-10,Points of Contact Maintenance,"Security Incident Management, E-Discovery, & Cloud Forensics",Cloud & AI Related,"Maintain points of contact for applicable regulation authorities, national and local law enforcement, and other legal jurisdictional authorities.  Review and update the points of contact at least annually."
SEF-10.2,Are the points of contact reviewed and updated at least annually?,SEF-10,Points of Contact Maintenance,"Security Incident Management, E-Discovery, & Cloud Forensics",Cloud & AI Related,"Maintain points of contact for applicable regulation authorities, national and local law enforcement, and other legal jurisdictional authorities.  Review and update the points of contact at least annually."
STA-01.1,"Are policies and procedures for supply chain risk management established, documented, approved, communicated, applied, evaluated, and maintained?",STA-01,Supply Chain Risk Management Policies and Procedures,"Supply Chain Management, Transparency, and Accountability",Cloud & AI Related,"Establish, document, approve, communicate, apply, evaluate, and maintain policies and procedures for supply chain risk management. Review and update the policies and procedures at least annually, or upon significant changes."
STA-01.2,Are the policies and procedures reviewed and updated at least annually or upon significant changes?,STA-01,Supply Chain Risk Management Policies and Procedures,"Supply Chain Management, Transparency, and Accountability",Cloud & AI Related,"Establish, document, approve, communicate, apply, evaluate, and maintain policies and procedures for supply chain risk management. Review and update the policies and procedures at least annually, or upon significant changes."
STA-02.1,"Are policies and procedures established, documented, approved, communicated, applied, evaluated, and maintained for applying the Shared Security Responsibility Model (SSRM) within the organization?",STA-02,SSRM Policy and Procedures,"Supply Chain Management, Transparency, and Accountability",Cloud & AI Related,"Establish, document, approve, communicate, apply, evaluate and  maintain policies and procedures for the application of the Shared  Security Responsibility Model (SSRM) within the organization.  Review and update the policies and procedures at least annually, or upon significant changes."
STA-02.2,"Are policies and procedures for applying the Shared Security Responsibility Model (SSRM) within the organization reviewed and updated at least annually, or upon significant changes?",STA-02,SSRM Policy and Procedures,"Supply Chain Management, Transparency, and Accountability",Cloud & AI Related,"Establish, document, approve, communicate, apply, evaluate and  maintain policies and procedures for the application of the Shared  Security Responsibility Model (SSRM) within the organization.  Review and update the policies and procedures at least annually, or upon significant changes."
STA-03.1,"Is the SSRM applied, documented, implemented and managed throughout the supply chain?",STA-03,SSRM Supply Chain,"Supply Chain Management, Transparency, and Accountability",Cloud & AI Related,"Apply, document, implement and manage the SSRM throughout the  supply chain."
STA-04.1,"Are service customers provided with SSRM guidance detailing information about the applicability 
throughout the supply chain?",STA-04,SSRM Guidance,"Supply Chain Management, Transparency, and Accountability",Cloud & AI Related,Provide SSRM Guidance to the service customers detailing information about the SSRM applicability throughout the supply chain.
STA-05.1,Is the shared ownership and applicability of all CSA AICM controls delineated according to the SSRM?,STA-05,SSRM Control Ownership,"Supply Chain Management, Transparency, and Accountability",Cloud & AI Related,Delineate the shared ownership and applicability of all CSA AICM  controls according to the SSRM.
STA-06.1,Is the SSRM documentation reviewed and validated?,STA-06,SSRM Documentation Review,"Supply Chain Management, Transparency, and Accountability",Cloud & AI Related,Review and validate the SSRM documentation.
STA-07.1,"Are the portions of the SSRM the organization is responsible for implemented, operated, audited, or assessed?",STA-07,SSRM Control Implementation,"Supply Chain Management, Transparency, and Accountability",Cloud & AI Related,"Implement, operate, and audit or assess the portions of the SSRM which the organization is responsible for."
STA-08.1,Is an inventory of all supply chain relationships maintained and developed?,STA-08,Supply Chain Inventory,"Supply Chain Management, Transparency, and Accountability",Cloud & AI Related,Develop and maintain an inventory of all supply chain relationships.
STA-09.1,"Is a process for establishing a Bill of Material for the service supply chain, defined, implemented, and enforced?",STA-09,Service Bill of Material (BOM),"Supply Chain Management, Transparency, and Accountability",AI-Specific,"Define, implement, and enforce a process for establishing a Bill of Material for the service supply chain. Review and update the Bill of Material at least annually, or upon significant changes."
STA-09.2,Is the Bill of Material reviewed and updated at least annually or upon significant changes?,STA-09,Service Bill of Material (BOM),"Supply Chain Management, Transparency, and Accountability",AI-Specific,"Define, implement, and enforce a process for establishing a Bill of Material for the service supply chain. Review and update the Bill of Material at least annually, or upon significant changes."
STA-10.1,Are risk factors associated with the supply chain relationships periodically reviewed?,STA-10,Supply Chain Risk Management,"Supply Chain Management, Transparency, and Accountability",Cloud & AI Related,Periodically review risk factors associated with supply chain relationships.
STA-11.1,"Are service agreements required to incorporate at least the following 
mutually agreed upon provisions and/or terms?
• Scope, characteristics and location of business relationship and 
services offered
• Information security requirements (including SSRM)
• Change management process
• Logging and monitoring capability
• Incident management and communication procedures
• Right to audit and third party assessment
• Service termination
• Interoperability and portability requirements
• Data privacy
• Operational Resilience",STA-11,Primary Service and Contractual Agreement,"Supply Chain Management, Transparency, and Accountability",Cloud & AI Related,"Service agreements must incorporate at least the following 
mutually-agreed upon provisions and/or terms: 
• Scope, characteristics and location of business 
relationship and services offered 
• Information security requirements (including SSRM) 
• Change management process 
• Logging and monitoring capability 
• Incident management and communication procedures 
• Right to audit and third party assessment 
• Service termination 
• Interoperability and portability requirements 
• Data privacy 
• Operational Resilience"
STA-12.1,Are supply chain agreements reviewed at least annually or upon significant changes?,STA-12,Supply Chain Agreement Review,"Supply Chain Management, Transparency, and Accountability",Cloud & AI Related,"Review supply chain agreements at least annually, or upon significant changes."
STA-13.1,"Is there a process for conducting internal assessments at least annually to confirm the conformance and effectiveness of standards, policies, procedures, and SLA activities?",STA-13,Supply Chain Compliance Assessment,"Supply Chain Management, Transparency, and Accountability",Cloud & AI Related,"Define and implement a process for conducting internal assessments to confirm conformance and effectiveness of standards, policies,  procedures, and service level agreement activities at least annually."
STA-14.1,"Are policies implemented requiring all service providers throughout the supply chain to comply with information security, confidentiality, access control, privacy, audit, personnel policy and service level requirements and standards?",STA-14,Supply Chain Service Agreement Compliance,"Supply Chain Management, Transparency, and Accountability",Cloud & AI Related,"Implement policies requiring all service providers throughout the supply chain to comply with information security, confidentiality, access control, privacy, audit, personnel policy and service level requirements and standards."
STA-15.1,Are the organization's service providers' IT governance policies and procedures reviewed at least annually or upon significant changes?,STA-15,Supply Chain Governance Review,"Supply Chain Management, Transparency, and Accountability",Cloud & AI Related,"Review the organization's service providers' IT governance policies and procedures at least annually, or upon significant changes."
STA-16.1,"Is a process for conducting risk-based security assessments of the 
supply chain, defined and implemented?",STA-16,Supply Chain Data Security Assessment,"Supply Chain Management, Transparency, and Accountability",Cloud & AI Related,Define and implement a process for conducting risk-based security assessments of the supply chain.
TVM-01.1,"Are policies and procedures that identify, report, and prioritize the remediation of vulnerabilities and threats in order to protect systems against vulnerability exploitation, established, documented, approved, communicated, applied, evaluated, and maintained?",TVM-01,Threat and Vulnerability Management Policy and Procedures,Threat & Vulnerability Management,Cloud & AI Related,"Establish, document, approve, communicate, apply, evaluate and maintain policies and procedures to identify, report and prioritize the remediation of vulnerabilities and threats, in order to protect systems against vulnerability exploitation. Review and update the policies and procedures at least annually, or upon significant changes."
TVM-01.2,Are threats and vulnerabilities policies and procedures reviewed and updated at least annually or upon significant changes?,TVM-01,Threat and Vulnerability Management Policy and Procedures,Threat & Vulnerability Management,Cloud & AI Related,"Establish, document, approve, communicate, apply, evaluate and maintain policies and procedures to identify, report and prioritize the remediation of vulnerabilities and threats, in order to protect systems against vulnerability exploitation. Review and update the policies and procedures at least annually, or upon significant changes."
TVM-02.1,"Are policies and procedures to protect against malware and malicious instructions, established, documented, approved, communicated, applied, evaluated, and maintained?",TVM-02,Malware and Malicious Instructions Protection Policy and Procedures,Threat & Vulnerability Management,Cloud & AI Related,"Establish, document, approve, communicate, apply, evaluate and maintain policies and procedures to protect against malware and malicious instructions. Review and update the policies and procedures at least annually, or upon significant changes."
TVM-02.2,"Are malware and malicious instructions protection policies and procedures, reviewed and updated at least annually or upon significant changes?",TVM-02,Malware and Malicious Instructions Protection Policy and Procedures,Threat & Vulnerability Management,Cloud & AI Related,"Establish, document, approve, communicate, apply, evaluate and maintain policies and procedures to protect against malware and malicious instructions. Review and update the policies and procedures at least annually, or upon significant changes."
TVM-03.1,"Are processes, procedures, and technical measures for the detection 
of vulnerabilities on organizationally managed assets, defined, 
implemented, and evaluated at least monthly?",TVM-03,Vulnerability Identification,Threat & Vulnerability Management,Cloud & AI Related,"Define, implement and evaluate processes, procedures and technical measures for the detection of vulnerabilities on organizationally managed assets at least monthly."
TVM-04.1,"Are threat analysis processes and procedures defined, implemented, and evaluated to identify, assess, and review the threat landscape for Cloud and AI systems?",TVM-04,Threat Analysis and Modelling,Threat & Vulnerability Management,AI-Specific,"Define, implement and evaluate threat analysis processes and procedures to identify, assess and review the threat landscape for Cloud and AI systems. Build threat models according to industry best practices to inform the risk mitigation strategy."
TVM-04.2,Are threat models built according to industry best practices to inform the risk mitigation strategy?,TVM-04,Threat Analysis and Modelling,Threat & Vulnerability Management,AI-Specific,"Define, implement and evaluate threat analysis processes and procedures to identify, assess and review the threat landscape for Cloud and AI systems. Build threat models according to industry best practices to inform the risk mitigation strategy."
TVM-05.1,"Are processes, procedures, and technical measures defined, implemented, and evaluated to update detection tools, threat signatures, and indicators of compromise weekly or more frequently?",TVM-05,Detection Updates,Threat & Vulnerability Management,Cloud & AI Related,"Define, implement and evaluate processes, procedures and technical measures to update detection tools, threat signatures, and indicators  of compromise on a weekly, or more frequent basis."
TVM-06.1,"Are processes, procedures, and technical measures defined, implemented, and evaluated to identify updates for applications that use third party or open source libraries according to the organization's vulnerability management policy?",TVM-06,External Library Vulnerabilities,Threat & Vulnerability Management,Cloud & AI Related,"Define, implement and evaluate processes, procedures and technical measures to identify updates for applications which use third party or open source libraries according to the organization's vulnerability management policy."
TVM-07.1,"Are processes, procedures, and technical measures defined, implemented, and evaluated for the periodic performance of penetration testing by independent third parties?",TVM-07,Penetration Testing,Threat & Vulnerability Management,Cloud & AI Related,"Define, implement and evaluate processes, procedures and technical measures for the periodic performance of penetration testing by independent third parties."
TVM-08.1,"Are processes, procedures, and technical measures defined, implemented, and evaluated based on identified risks to support scheduled and emergency responses to vulnerability identification?",TVM-08,Vulnerability Remediation Schedule,Threat & Vulnerability Management,Cloud & AI Related,"Define, implement and evaluate processes, procedures and technical measures based on identified risks to support scheduled and emergency responses to vulnerability identification."
TVM-09.1,Are risk-based methods utilized to prioritize vulnerability remediation using an industry-recognized framework effectively?,TVM-09,Vulnerability Prioritization,Threat & Vulnerability Management,Cloud & AI Related,Use a risk-based method for effective prioritization of vulnerability remediation using an industry recognized framework.
TVM-10.1,"Is a risk-based method for the prioritization and mitigation of threats,  used, leveraging an industry-recognized framework to guide threat decision-making and protection measures?",TVM-10,Threat Response,Threat & Vulnerability Management,Cloud & AI Related,"Use a risk-based method for the prioritization and mitigation of threats, leveraging an industry-recognized framework to guide threat decision-making and protection measures."
TVM-11.1,Are processes defined and implemented for tracking and reporting vulnerability identification and remediation activities that include stakeholder notification?,TVM-11,Vulnerability Management Reporting,Threat & Vulnerability Management,Cloud & AI Related,Define and implement a process for tracking and reporting  vulnerability identification and remediation activities that includes stakeholder notification.
TVM-12.1,"Are metrics established, monitored, and reported for vulnerability identification and remediation at defined intervals?",TVM-12,Vulnerability Management Metrics,Threat & Vulnerability Management,Cloud & AI Related,"Establish, monitor and report metrics for vulnerability identification and remediation at defined intervals."
TVM-13.1,"Are processes, procedures, and technical measures to apply guardrails to the AI system defined and implemented?",TVM-13,Guardrails,Threat & Vulnerability Management,AI-Specific,"Define and implement processes, procedures and technical measures to  apply guardrails to the AI system. Continuously evaluate guardrails for changes in regulatory requirements  and risk scenarios."
TVM-13.2,Are guardrails continuously evaluated for changes in regulatory requirements and risk scenarios?,TVM-13,Guardrails,Threat & Vulnerability Management,AI-Specific,"Define and implement processes, procedures and technical measures to  apply guardrails to the AI system. Continuously evaluate guardrails for changes in regulatory requirements  and risk scenarios."
UEM-01.1,"Are policies and procedures established, documented, approved, communicated, applied, evaluated, and maintained for all endpoints?",UEM-01,Endpoint Devices Policy and Procedures,Universal Endpoint Management,Cloud & AI Related,"Establish, document, approve, communicate, apply, evaluate and  maintain policies and procedures for all endpoints. Review and update the policies and procedures at least annually, or upon significant changes."
UEM-01.2,Are the policies and procedures reviewed and updated at least annually or upon significant system changes?,UEM-01,Endpoint Devices Policy and Procedures,Universal Endpoint Management,Cloud & AI Related,"Establish, document, approve, communicate, apply, evaluate and  maintain policies and procedures for all endpoints. Review and update the policies and procedures at least annually, or upon significant changes."
UEM-02.1,"Is there a defined, documented, applicable and evaluated list containing approved services, applications, and the sources of applications (stores) acceptable for use by endpoints when accessing or storing organization-managed data?",UEM-02,Application and Service Approval,Universal Endpoint Management,Cloud & AI Related,"Define, document, apply and evaluate a list of approved services, applications and sources of applications (stores) acceptable for use by  endpoints when accessing or storing organization-managed data."
UEM-03.1,Is a process defined and implemented to validate endpoint device compatibility with operating systems and applications?,UEM-03,Compatibility,Universal Endpoint Management,Cloud & AI Related,Define and implement a process for the validation of the endpoint device's compatibility with operating systems and applications.
UEM-04.1,"Is an inventory of all endpoints for storing, accessing and processing company data, maintained?",UEM-04,Endpoint Inventory,Universal Endpoint Management,Cloud & AI Related,"Maintain an inventory of all endpoints used to store, access and process company data."
UEM-05.1,"Are processes, procedures, and technical measures defined, implemented and evaluated, to enforce policies and controls for all endpoints permitted to access systems and/or store, transmit, or process organizational data?",UEM-05,Endpoint Management,Universal Endpoint Management,Cloud & AI Related,"Define, implement and evaluate processes, procedures and technical measures to enforce policies and controls for all endpoints permitted  to access systems and/or store, transmit, or process organizational  data."
UEM-06.1,Are all relevant interactive-use endpoints configured to require an automatic lock screen?,UEM-06,Automatic Lock Screen,Universal Endpoint Management,Cloud & AI Related,Configure all relevant interactive-use endpoints to require an automatic lock screen.
UEM-07.1,"Are changes to endpoint operating systems, patch levels, and/or applications managed through the organizational change management process?",UEM-07,Operating Systems,Universal Endpoint Management,Cloud & AI Related,"Manage changes to endpoint operating systems, patch levels, and/or applications through the company's change management processes."
UEM-08.1,Is information protected from unauthorized disclosure on managed endpoints with storage encryption?,UEM-08,Storage Encryption,Universal Endpoint Management,Cloud & AI Related,Protect information from unauthorized disclosure on managed  endpoint devices with storage encryption.
UEM-09.1,Are anti-malware detection and prevention technology services configured on managed endpoints?,UEM-09,Anti-Malware Detection and Prevention,Universal Endpoint Management,Cloud & AI Related,Configure managed endpoints with anti-malware detection and prevention technology and services.
UEM-10.1,Are software firewalls properly configured on managed endpoints?,UEM-10,Software Firewall,Universal Endpoint Management,Cloud & AI Related,Configure managed endpoints with properly configured software firewalls.
UEM-11.1,Are managed endpoints configured with data loss prevention (DLP) technologies and rules in accordance with a risk assessment?,UEM-11,Data Loss Prevention,Universal Endpoint Management,Cloud & AI Related,Configure managed endpoints with Data Loss Prevention (DLP) technologies and rules in accordance with a risk assessment.
UEM-12.1,"Are remote geolocation capabilities enabled for all managed mobile endpoints, according to all applicable laws and regulations?",UEM-12,Remote Locate,Universal Endpoint Management,Cloud & AI Related,"Enable remote geo-location capabilities for all managed mobile endpoints,  according to all applicable laws and regulations."
UEM-13.1,"Are processes, procedures, and technical measures defined, implemented, and evaluated to enable remote company data deletion on managed endpoint devices?",UEM-13,Remote Wipe,Universal Endpoint Management,Cloud & AI Related,"Define, implement and evaluate processes, procedures and technical measures to enable the deletion of company data remotely on managed endpoint devices."
UEM-14.1,"Are processes, procedures, and technical and/or contractual measures defined, implemented, and evaluated to maintain proper security of third-party endpoints with access to organizational assets?",UEM-14,Third-Party Endpoint Security Posture,Universal Endpoint Management,Cloud & AI Related,"Define, implement and evaluate processes, procedures and technical and/or contractual measures to maintain proper security of third-party endpoints with access to organizational assets."
